[0.165s] DEBUG:colcon:Command line arguments: ['/usr/bin/colcon', 'build']
[0.165s] DEBUG:colcon:Parsed command line arguments: Namespace(log_base=None, log_level=None, verb_name='build', build_base='build', install_base='install', merge_install=False, symlink_install=False, test_result_base=None, continue_on_error=False, executor='parallel', parallel_workers=12, event_handlers=None, ignore_user_meta=False, metas=['./colcon.meta'], base_paths=['.'], packages_ignore=None, packages_ignore_regex=None, paths=None, packages_up_to=None, packages_up_to_regex=None, packages_above=None, packages_above_and_dependencies=None, packages_above_depth=None, packages_select_by_dep=None, packages_skip_by_dep=None, packages_skip_up_to=None, packages_select_build_failed=False, packages_skip_build_finished=False, packages_select_test_failures=False, packages_skip_test_passed=False, packages_select=None, packages_skip=None, packages_select_regex=None, packages_skip_regex=None, packages_start=None, packages_end=None, allow_overriding=[], cmake_args=None, cmake_target=None, cmake_target_skip_unavailable=False, cmake_clean_cache=False, cmake_clean_first=False, cmake_force_configure=False, ament_cmake_args=None, catkin_cmake_args=None, catkin_skip_building_tests=False, mixin_files=None, mixin=None, verb_parser=<colcon_mixin.mixin.mixin_argument.MixinArgumentDecorator object at 0x7bd5ca2a2900>, verb_extension=<colcon_core.verb.build.BuildVerb object at 0x7bd5ca2a2720>, main=<bound method BuildVerb.main of <colcon_core.verb.build.BuildVerb object at 0x7bd5ca2a2720>>, mixin_verb=('build',))
[0.227s] Level 1:colcon.colcon_core.package_discovery:discover_packages(colcon_meta) check parameters
[0.227s] Level 1:colcon.colcon_core.package_discovery:discover_packages(recursive) check parameters
[0.227s] Level 1:colcon.colcon_core.package_discovery:discover_packages(ignore) check parameters
[0.227s] Level 1:colcon.colcon_core.package_discovery:discover_packages(path) check parameters
[0.227s] Level 1:colcon.colcon_core.package_discovery:discover_packages(colcon_meta) discover
[0.227s] Level 1:colcon.colcon_core.package_discovery:discover_packages(recursive) discover
[0.227s] INFO:colcon.colcon_core.package_discovery:Crawling recursively for packages in '/home/raju/igv'
[0.227s] Level 1:colcon.colcon_core.package_identification:_identify(.) by extensions ['ignore', 'ignore_ament_install']
[0.227s] Level 1:colcon.colcon_core.package_identification:_identify(.) by extension 'ignore'
[0.227s] Level 1:colcon.colcon_core.package_identification:_identify(.) by extension 'ignore_ament_install'
[0.227s] Level 1:colcon.colcon_core.package_identification:_identify(.) by extensions ['colcon_pkg']
[0.227s] Level 1:colcon.colcon_core.package_identification:_identify(.) by extension 'colcon_pkg'
[0.227s] Level 1:colcon.colcon_core.package_identification:_identify(.) by extensions ['colcon_meta']
[0.227s] Level 1:colcon.colcon_core.package_identification:_identify(.) by extension 'colcon_meta'
[0.227s] Level 1:colcon.colcon_core.package_identification:_identify(.) by extensions ['ros']
[0.228s] Level 1:colcon.colcon_core.package_identification:_identify(.) by extension 'ros'
[0.267s] Level 1:colcon.colcon_core.package_identification:_identify(.) by extensions ['cmake', 'python']
[0.267s] Level 1:colcon.colcon_core.package_identification:_identify(.) by extension 'cmake'
[0.267s] Level 1:colcon.colcon_core.package_identification:_identify(.) by extension 'python'
[0.267s] Level 1:colcon.colcon_core.package_identification:_identify(.) by extensions ['python_setup_py']
[0.267s] Level 1:colcon.colcon_core.package_identification:_identify(.) by extension 'python_setup_py'
[0.267s] Level 1:colcon.colcon_core.package_identification:_identify(build) by extensions ['ignore', 'ignore_ament_install']
[0.267s] Level 1:colcon.colcon_core.package_identification:_identify(build) by extension 'ignore'
[0.267s] Level 1:colcon.colcon_core.package_identification:_identify(build) ignored
[0.267s] Level 1:colcon.colcon_core.package_identification:_identify(install) by extensions ['ignore', 'ignore_ament_install']
[0.268s] Level 1:colcon.colcon_core.package_identification:_identify(install) by extension 'ignore'
[0.268s] Level 1:colcon.colcon_core.package_identification:_identify(install) ignored
[0.268s] Level 1:colcon.colcon_core.package_identification:_identify(log) by extensions ['ignore', 'ignore_ament_install']
[0.268s] Level 1:colcon.colcon_core.package_identification:_identify(log) by extension 'ignore'
[0.268s] Level 1:colcon.colcon_core.package_identification:_identify(log) ignored
[0.268s] Level 1:colcon.colcon_core.package_identification:_identify(src) by extensions ['ignore', 'ignore_ament_install']
[0.268s] Level 1:colcon.colcon_core.package_identification:_identify(src) by extension 'ignore'
[0.268s] Level 1:colcon.colcon_core.package_identification:_identify(src) by extension 'ignore_ament_install'
[0.268s] Level 1:colcon.colcon_core.package_identification:_identify(src) by extensions ['colcon_pkg']
[0.268s] Level 1:colcon.colcon_core.package_identification:_identify(src) by extension 'colcon_pkg'
[0.268s] Level 1:colcon.colcon_core.package_identification:_identify(src) by extensions ['colcon_meta']
[0.268s] Level 1:colcon.colcon_core.package_identification:_identify(src) by extension 'colcon_meta'
[0.268s] Level 1:colcon.colcon_core.package_identification:_identify(src) by extensions ['ros']
[0.268s] Level 1:colcon.colcon_core.package_identification:_identify(src) by extension 'ros'
[0.268s] Level 1:colcon.colcon_core.package_identification:_identify(src) by extensions ['cmake', 'python']
[0.268s] Level 1:colcon.colcon_core.package_identification:_identify(src) by extension 'cmake'
[0.268s] Level 1:colcon.colcon_core.package_identification:_identify(src) by extension 'python'
[0.268s] Level 1:colcon.colcon_core.package_identification:_identify(src) by extensions ['python_setup_py']
[0.268s] Level 1:colcon.colcon_core.package_identification:_identify(src) by extension 'python_setup_py'
[0.269s] Level 1:colcon.colcon_core.package_identification:_identify(src/YDLidar-SDK) by extensions ['ignore', 'ignore_ament_install']
[0.269s] Level 1:colcon.colcon_core.package_identification:_identify(src/YDLidar-SDK) by extension 'ignore'
[0.269s] Level 1:colcon.colcon_core.package_identification:_identify(src/YDLidar-SDK) by extension 'ignore_ament_install'
[0.269s] Level 1:colcon.colcon_core.package_identification:_identify(src/YDLidar-SDK) by extensions ['colcon_pkg']
[0.269s] Level 1:colcon.colcon_core.package_identification:_identify(src/YDLidar-SDK) by extension 'colcon_pkg'
[0.269s] Level 1:colcon.colcon_core.package_identification:_identify(src/YDLidar-SDK) by extensions ['colcon_meta']
[0.269s] Level 1:colcon.colcon_core.package_identification:_identify(src/YDLidar-SDK) by extension 'colcon_meta'
[0.269s] Level 1:colcon.colcon_core.package_identification:_identify(src/YDLidar-SDK) by extensions ['ros']
[0.269s] Level 1:colcon.colcon_core.package_identification:_identify(src/YDLidar-SDK) by extension 'ros'
[0.269s] Level 1:colcon.colcon_core.package_identification:_identify(src/YDLidar-SDK) by extensions ['cmake', 'python']
[0.269s] Level 1:colcon.colcon_core.package_identification:_identify(src/YDLidar-SDK) by extension 'cmake'
[0.303s] Level 1:colcon.colcon_core.package_identification:_identify(src/YDLidar-SDK) by extension 'python'
[0.303s] DEBUG:colcon.colcon_core.package_identification:Package 'src/YDLidar-SDK' with type 'cmake' and name 'ydlidar_sdk'
[0.303s] Level 1:colcon.colcon_core.package_identification:_identify(src/depthai-ros) by extensions ['ignore', 'ignore_ament_install']
[0.303s] Level 1:colcon.colcon_core.package_identification:_identify(src/depthai-ros) by extension 'ignore'
[0.303s] Level 1:colcon.colcon_core.package_identification:_identify(src/depthai-ros) by extension 'ignore_ament_install'
[0.303s] Level 1:colcon.colcon_core.package_identification:_identify(src/depthai-ros) by extensions ['colcon_pkg']
[0.303s] Level 1:colcon.colcon_core.package_identification:_identify(src/depthai-ros) by extension 'colcon_pkg'
[0.303s] Level 1:colcon.colcon_core.package_identification:_identify(src/depthai-ros) by extensions ['colcon_meta']
[0.303s] Level 1:colcon.colcon_core.package_identification:_identify(src/depthai-ros) by extension 'colcon_meta'
[0.304s] Level 1:colcon.colcon_core.package_identification:_identify(src/depthai-ros) by extensions ['ros']
[0.304s] Level 1:colcon.colcon_core.package_identification:_identify(src/depthai-ros) by extension 'ros'
[0.304s] Level 1:colcon.colcon_core.package_identification:_identify(src/depthai-ros) by extensions ['cmake', 'python']
[0.304s] Level 1:colcon.colcon_core.package_identification:_identify(src/depthai-ros) by extension 'cmake'
[0.304s] Level 1:colcon.colcon_core.package_identification:_identify(src/depthai-ros) by extension 'python'
[0.304s] Level 1:colcon.colcon_core.package_identification:_identify(src/depthai-ros) by extensions ['python_setup_py']
[0.304s] Level 1:colcon.colcon_core.package_identification:_identify(src/depthai-ros) by extension 'python_setup_py'
[0.304s] Level 1:colcon.colcon_core.package_identification:_identify(src/depthai-ros/depthai-ros) by extensions ['ignore', 'ignore_ament_install']
[0.304s] Level 1:colcon.colcon_core.package_identification:_identify(src/depthai-ros/depthai-ros) by extension 'ignore'
[0.304s] Level 1:colcon.colcon_core.package_identification:_identify(src/depthai-ros/depthai-ros) by extension 'ignore_ament_install'
[0.304s] Level 1:colcon.colcon_core.package_identification:_identify(src/depthai-ros/depthai-ros) by extensions ['colcon_pkg']
[0.304s] Level 1:colcon.colcon_core.package_identification:_identify(src/depthai-ros/depthai-ros) by extension 'colcon_pkg'
[0.304s] Level 1:colcon.colcon_core.package_identification:_identify(src/depthai-ros/depthai-ros) by extensions ['colcon_meta']
[0.304s] Level 1:colcon.colcon_core.package_identification:_identify(src/depthai-ros/depthai-ros) by extension 'colcon_meta'
[0.304s] Level 1:colcon.colcon_core.package_identification:_identify(src/depthai-ros/depthai-ros) by extensions ['ros']
[0.304s] Level 1:colcon.colcon_core.package_identification:_identify(src/depthai-ros/depthai-ros) by extension 'ros'
[0.308s] DEBUG:colcon.colcon_core.package_identification:Package 'src/depthai-ros/depthai-ros' with type 'ros.ament_cmake' and name 'depthai-ros'
[0.309s] Level 1:colcon.colcon_core.package_identification:_identify(src/depthai-ros/depthai_bridge) by extensions ['ignore', 'ignore_ament_install']
[0.309s] Level 1:colcon.colcon_core.package_identification:_identify(src/depthai-ros/depthai_bridge) by extension 'ignore'
[0.309s] Level 1:colcon.colcon_core.package_identification:_identify(src/depthai-ros/depthai_bridge) by extension 'ignore_ament_install'
[0.309s] Level 1:colcon.colcon_core.package_identification:_identify(src/depthai-ros/depthai_bridge) by extensions ['colcon_pkg']
[0.309s] Level 1:colcon.colcon_core.package_identification:_identify(src/depthai-ros/depthai_bridge) by extension 'colcon_pkg'
[0.309s] Level 1:colcon.colcon_core.package_identification:_identify(src/depthai-ros/depthai_bridge) by extensions ['colcon_meta']
[0.309s] Level 1:colcon.colcon_core.package_identification:_identify(src/depthai-ros/depthai_bridge) by extension 'colcon_meta'
[0.309s] Level 1:colcon.colcon_core.package_identification:_identify(src/depthai-ros/depthai_bridge) by extensions ['ros']
[0.309s] Level 1:colcon.colcon_core.package_identification:_identify(src/depthai-ros/depthai_bridge) by extension 'ros'
[0.312s] DEBUG:colcon.colcon_core.package_identification:Package 'src/depthai-ros/depthai_bridge' with type 'ros.ament_cmake' and name 'depthai_bridge'
[0.312s] Level 1:colcon.colcon_core.package_identification:_identify(src/depthai-ros/depthai_descriptions) by extensions ['ignore', 'ignore_ament_install']
[0.312s] Level 1:colcon.colcon_core.package_identification:_identify(src/depthai-ros/depthai_descriptions) by extension 'ignore'
[0.313s] Level 1:colcon.colcon_core.package_identification:_identify(src/depthai-ros/depthai_descriptions) by extension 'ignore_ament_install'
[0.313s] Level 1:colcon.colcon_core.package_identification:_identify(src/depthai-ros/depthai_descriptions) by extensions ['colcon_pkg']
[0.313s] Level 1:colcon.colcon_core.package_identification:_identify(src/depthai-ros/depthai_descriptions) by extension 'colcon_pkg'
[0.313s] Level 1:colcon.colcon_core.package_identification:_identify(src/depthai-ros/depthai_descriptions) by extensions ['colcon_meta']
[0.313s] Level 1:colcon.colcon_core.package_identification:_identify(src/depthai-ros/depthai_descriptions) by extension 'colcon_meta'
[0.313s] Level 1:colcon.colcon_core.package_identification:_identify(src/depthai-ros/depthai_descriptions) by extensions ['ros']
[0.313s] Level 1:colcon.colcon_core.package_identification:_identify(src/depthai-ros/depthai_descriptions) by extension 'ros'
[0.314s] DEBUG:colcon.colcon_core.package_identification:Package 'src/depthai-ros/depthai_descriptions' with type 'ros.ament_cmake' and name 'depthai_descriptions'
[0.314s] Level 1:colcon.colcon_core.package_identification:_identify(src/depthai-ros/depthai_examples) by extensions ['ignore', 'ignore_ament_install']
[0.314s] Level 1:colcon.colcon_core.package_identification:_identify(src/depthai-ros/depthai_examples) by extension 'ignore'
[0.314s] Level 1:colcon.colcon_core.package_identification:_identify(src/depthai-ros/depthai_examples) by extension 'ignore_ament_install'
[0.315s] Level 1:colcon.colcon_core.package_identification:_identify(src/depthai-ros/depthai_examples) by extensions ['colcon_pkg']
[0.315s] Level 1:colcon.colcon_core.package_identification:_identify(src/depthai-ros/depthai_examples) by extension 'colcon_pkg'
[0.315s] Level 1:colcon.colcon_core.package_identification:_identify(src/depthai-ros/depthai_examples) by extensions ['colcon_meta']
[0.315s] Level 1:colcon.colcon_core.package_identification:_identify(src/depthai-ros/depthai_examples) by extension 'colcon_meta'
[0.315s] Level 1:colcon.colcon_core.package_identification:_identify(src/depthai-ros/depthai_examples) by extensions ['ros']
[0.315s] Level 1:colcon.colcon_core.package_identification:_identify(src/depthai-ros/depthai_examples) by extension 'ros'
[0.317s] DEBUG:colcon.colcon_core.package_identification:Package 'src/depthai-ros/depthai_examples' with type 'ros.ament_cmake' and name 'depthai_examples'
[0.318s] Level 1:colcon.colcon_core.package_identification:_identify(src/depthai-ros/depthai_filters) by extensions ['ignore', 'ignore_ament_install']
[0.318s] Level 1:colcon.colcon_core.package_identification:_identify(src/depthai-ros/depthai_filters) by extension 'ignore'
[0.318s] Level 1:colcon.colcon_core.package_identification:_identify(src/depthai-ros/depthai_filters) by extension 'ignore_ament_install'
[0.318s] Level 1:colcon.colcon_core.package_identification:_identify(src/depthai-ros/depthai_filters) by extensions ['colcon_pkg']
[0.318s] Level 1:colcon.colcon_core.package_identification:_identify(src/depthai-ros/depthai_filters) by extension 'colcon_pkg'
[0.318s] Level 1:colcon.colcon_core.package_identification:_identify(src/depthai-ros/depthai_filters) by extensions ['colcon_meta']
[0.318s] Level 1:colcon.colcon_core.package_identification:_identify(src/depthai-ros/depthai_filters) by extension 'colcon_meta'
[0.319s] Level 1:colcon.colcon_core.package_identification:_identify(src/depthai-ros/depthai_filters) by extensions ['ros']
[0.319s] Level 1:colcon.colcon_core.package_identification:_identify(src/depthai-ros/depthai_filters) by extension 'ros'
[0.322s] DEBUG:colcon.colcon_core.package_identification:Package 'src/depthai-ros/depthai_filters' with type 'ros.ament_cmake' and name 'depthai_filters'
[0.323s] Level 1:colcon.colcon_core.package_identification:_identify(src/depthai-ros/depthai_ros_driver) by extensions ['ignore', 'ignore_ament_install']
[0.323s] Level 1:colcon.colcon_core.package_identification:_identify(src/depthai-ros/depthai_ros_driver) by extension 'ignore'
[0.323s] Level 1:colcon.colcon_core.package_identification:_identify(src/depthai-ros/depthai_ros_driver) by extension 'ignore_ament_install'
[0.324s] Level 1:colcon.colcon_core.package_identification:_identify(src/depthai-ros/depthai_ros_driver) by extensions ['colcon_pkg']
[0.324s] Level 1:colcon.colcon_core.package_identification:_identify(src/depthai-ros/depthai_ros_driver) by extension 'colcon_pkg'
[0.324s] Level 1:colcon.colcon_core.package_identification:_identify(src/depthai-ros/depthai_ros_driver) by extensions ['colcon_meta']
[0.324s] Level 1:colcon.colcon_core.package_identification:_identify(src/depthai-ros/depthai_ros_driver) by extension 'colcon_meta'
[0.324s] Level 1:colcon.colcon_core.package_identification:_identify(src/depthai-ros/depthai_ros_driver) by extensions ['ros']
[0.324s] Level 1:colcon.colcon_core.package_identification:_identify(src/depthai-ros/depthai_ros_driver) by extension 'ros'
[0.331s] DEBUG:colcon.colcon_core.package_identification:Package 'src/depthai-ros/depthai_ros_driver' with type 'ros.ament_cmake' and name 'depthai_ros_driver'
[0.331s] Level 1:colcon.colcon_core.package_identification:_identify(src/depthai-ros/depthai_ros_msgs) by extensions ['ignore', 'ignore_ament_install']
[0.332s] Level 1:colcon.colcon_core.package_identification:_identify(src/depthai-ros/depthai_ros_msgs) by extension 'ignore'
[0.332s] Level 1:colcon.colcon_core.package_identification:_identify(src/depthai-ros/depthai_ros_msgs) by extension 'ignore_ament_install'
[0.332s] Level 1:colcon.colcon_core.package_identification:_identify(src/depthai-ros/depthai_ros_msgs) by extensions ['colcon_pkg']
[0.332s] Level 1:colcon.colcon_core.package_identification:_identify(src/depthai-ros/depthai_ros_msgs) by extension 'colcon_pkg'
[0.332s] Level 1:colcon.colcon_core.package_identification:_identify(src/depthai-ros/depthai_ros_msgs) by extensions ['colcon_meta']
[0.332s] Level 1:colcon.colcon_core.package_identification:_identify(src/depthai-ros/depthai_ros_msgs) by extension 'colcon_meta'
[0.332s] Level 1:colcon.colcon_core.package_identification:_identify(src/depthai-ros/depthai_ros_msgs) by extensions ['ros']
[0.332s] Level 1:colcon.colcon_core.package_identification:_identify(src/depthai-ros/depthai_ros_msgs) by extension 'ros'
[0.333s] DEBUG:colcon.colcon_core.package_identification:Package 'src/depthai-ros/depthai_ros_msgs' with type 'ros.ament_cmake' and name 'depthai_ros_msgs'
[0.333s] Level 1:colcon.colcon_core.package_identification:_identify(src/igv) by extensions ['ignore', 'ignore_ament_install']
[0.334s] Level 1:colcon.colcon_core.package_identification:_identify(src/igv) by extension 'ignore'
[0.334s] Level 1:colcon.colcon_core.package_identification:_identify(src/igv) by extension 'ignore_ament_install'
[0.334s] Level 1:colcon.colcon_core.package_identification:_identify(src/igv) by extensions ['colcon_pkg']
[0.334s] Level 1:colcon.colcon_core.package_identification:_identify(src/igv) by extension 'colcon_pkg'
[0.334s] Level 1:colcon.colcon_core.package_identification:_identify(src/igv) by extensions ['colcon_meta']
[0.334s] Level 1:colcon.colcon_core.package_identification:_identify(src/igv) by extension 'colcon_meta'
[0.334s] Level 1:colcon.colcon_core.package_identification:_identify(src/igv) by extensions ['ros']
[0.334s] Level 1:colcon.colcon_core.package_identification:_identify(src/igv) by extension 'ros'
[0.336s] DEBUG:colcon.colcon_core.package_identification:Package 'src/igv' with type 'ros.ament_python' and name 'igv'
[0.336s] Level 1:colcon.colcon_core.package_identification:_identify(src/igv_bringup) by extensions ['ignore', 'ignore_ament_install']
[0.336s] Level 1:colcon.colcon_core.package_identification:_identify(src/igv_bringup) by extension 'ignore'
[0.336s] Level 1:colcon.colcon_core.package_identification:_identify(src/igv_bringup) by extension 'ignore_ament_install'
[0.336s] Level 1:colcon.colcon_core.package_identification:_identify(src/igv_bringup) by extensions ['colcon_pkg']
[0.336s] Level 1:colcon.colcon_core.package_identification:_identify(src/igv_bringup) by extension 'colcon_pkg'
[0.336s] Level 1:colcon.colcon_core.package_identification:_identify(src/igv_bringup) by extensions ['colcon_meta']
[0.336s] Level 1:colcon.colcon_core.package_identification:_identify(src/igv_bringup) by extension 'colcon_meta'
[0.336s] Level 1:colcon.colcon_core.package_identification:_identify(src/igv_bringup) by extensions ['ros']
[0.336s] Level 1:colcon.colcon_core.package_identification:_identify(src/igv_bringup) by extension 'ros'
[0.337s] DEBUG:colcon.colcon_core.package_identification:Package 'src/igv_bringup' with type 'ros.ament_cmake' and name 'igv_bringup'
[0.337s] Level 1:colcon.colcon_core.package_identification:_identify(src/igv_description) by extensions ['ignore', 'ignore_ament_install']
[0.337s] Level 1:colcon.colcon_core.package_identification:_identify(src/igv_description) by extension 'ignore'
[0.338s] Level 1:colcon.colcon_core.package_identification:_identify(src/igv_description) by extension 'ignore_ament_install'
[0.338s] Level 1:colcon.colcon_core.package_identification:_identify(src/igv_description) by extensions ['colcon_pkg']
[0.338s] Level 1:colcon.colcon_core.package_identification:_identify(src/igv_description) by extension 'colcon_pkg'
[0.338s] Level 1:colcon.colcon_core.package_identification:_identify(src/igv_description) by extensions ['colcon_meta']
[0.338s] Level 1:colcon.colcon_core.package_identification:_identify(src/igv_description) by extension 'colcon_meta'
[0.338s] Level 1:colcon.colcon_core.package_identification:_identify(src/igv_description) by extensions ['ros']
[0.338s] Level 1:colcon.colcon_core.package_identification:_identify(src/igv_description) by extension 'ros'
[0.339s] DEBUG:colcon.colcon_core.package_identification:Package 'src/igv_description' with type 'ros.ament_cmake' and name 'igv_description'
[0.339s] Level 1:colcon.colcon_core.package_identification:_identify(src/ydlidar_ros2_driver) by extensions ['ignore', 'ignore_ament_install']
[0.339s] Level 1:colcon.colcon_core.package_identification:_identify(src/ydlidar_ros2_driver) by extension 'ignore'
[0.340s] Level 1:colcon.colcon_core.package_identification:_identify(src/ydlidar_ros2_driver) by extension 'ignore_ament_install'
[0.340s] Level 1:colcon.colcon_core.package_identification:_identify(src/ydlidar_ros2_driver) by extensions ['colcon_pkg']
[0.340s] Level 1:colcon.colcon_core.package_identification:_identify(src/ydlidar_ros2_driver) by extension 'colcon_pkg'
[0.340s] Level 1:colcon.colcon_core.package_identification:_identify(src/ydlidar_ros2_driver) by extensions ['colcon_meta']
[0.340s] Level 1:colcon.colcon_core.package_identification:_identify(src/ydlidar_ros2_driver) by extension 'colcon_meta'
[0.340s] Level 1:colcon.colcon_core.package_identification:_identify(src/ydlidar_ros2_driver) by extensions ['ros']
[0.340s] Level 1:colcon.colcon_core.package_identification:_identify(src/ydlidar_ros2_driver) by extension 'ros'
[0.341s] DEBUG:colcon.colcon_core.package_identification:Package 'src/ydlidar_ros2_driver' with type 'ros.ament_cmake' and name 'ydlidar_ros2_driver'
[0.341s] Level 1:colcon.colcon_core.package_discovery:discover_packages(recursive) using defaults
[0.341s] Level 1:colcon.colcon_core.package_discovery:discover_packages(ignore) discover
[0.341s] Level 1:colcon.colcon_core.package_discovery:discover_packages(ignore) using defaults
[0.341s] Level 1:colcon.colcon_core.package_discovery:discover_packages(path) discover
[0.341s] Level 1:colcon.colcon_core.package_discovery:discover_packages(path) using defaults
[0.378s] Level 1:colcon.colcon_core.package_discovery:discover_packages(prefix_path) check parameters
[0.378s] Level 1:colcon.colcon_core.package_discovery:discover_packages(prefix_path) discover
[0.384s] DEBUG:colcon.colcon_installed_package_information.package_discovery:Found 4 installed packages in /home/raju/microros_ws/install
[0.384s] DEBUG:colcon.colcon_installed_package_information.package_discovery:Found 2 installed packages in /home/raju/hs_ws/install
[0.385s] DEBUG:colcon.colcon_installed_package_information.package_discovery:Found 4 installed packages in /home/raju/igv_ws/install
[0.385s] DEBUG:colcon.colcon_installed_package_information.package_discovery:Found 11 installed packages in /home/raju/igv/install
[0.389s] DEBUG:colcon.colcon_installed_package_information.package_discovery:Found 411 installed packages in /opt/ros/jazzy
[0.390s] Level 1:colcon.colcon_core.package_discovery:discover_packages(prefix_path) using defaults
[0.458s] Level 5:colcon.colcon_core.verb:set package 'depthai_descriptions' build argument 'cmake_args' from command line to 'None'
[0.458s] Level 5:colcon.colcon_core.verb:set package 'depthai_descriptions' build argument 'cmake_target' from command line to 'None'
[0.458s] Level 5:colcon.colcon_core.verb:set package 'depthai_descriptions' build argument 'cmake_target_skip_unavailable' from command line to 'False'
[0.458s] Level 5:colcon.colcon_core.verb:set package 'depthai_descriptions' build argument 'cmake_clean_cache' from command line to 'False'
[0.458s] Level 5:colcon.colcon_core.verb:set package 'depthai_descriptions' build argument 'cmake_clean_first' from command line to 'False'
[0.458s] Level 5:colcon.colcon_core.verb:set package 'depthai_descriptions' build argument 'cmake_force_configure' from command line to 'False'
[0.458s] Level 5:colcon.colcon_core.verb:set package 'depthai_descriptions' build argument 'ament_cmake_args' from command line to 'None'
[0.458s] Level 5:colcon.colcon_core.verb:set package 'depthai_descriptions' build argument 'catkin_cmake_args' from command line to 'None'
[0.458s] Level 5:colcon.colcon_core.verb:set package 'depthai_descriptions' build argument 'catkin_skip_building_tests' from command line to 'False'
[0.458s] DEBUG:colcon.colcon_core.verb:Building package 'depthai_descriptions' with the following arguments: {'ament_cmake_args': None, 'build_base': '/home/raju/igv/build/depthai_descriptions', 'catkin_cmake_args': None, 'catkin_skip_building_tests': False, 'cmake_args': None, 'cmake_clean_cache': False, 'cmake_clean_first': False, 'cmake_force_configure': False, 'cmake_target': None, 'cmake_target_skip_unavailable': False, 'install_base': '/home/raju/igv/install/depthai_descriptions', 'merge_install': False, 'path': '/home/raju/igv/src/depthai-ros/depthai_descriptions', 'symlink_install': False, 'test_result_base': None}
[0.458s] Level 5:colcon.colcon_core.verb:set package 'depthai_ros_msgs' build argument 'cmake_args' from command line to 'None'
[0.458s] Level 5:colcon.colcon_core.verb:set package 'depthai_ros_msgs' build argument 'cmake_target' from command line to 'None'
[0.458s] Level 5:colcon.colcon_core.verb:set package 'depthai_ros_msgs' build argument 'cmake_target_skip_unavailable' from command line to 'False'
[0.458s] Level 5:colcon.colcon_core.verb:set package 'depthai_ros_msgs' build argument 'cmake_clean_cache' from command line to 'False'
[0.458s] Level 5:colcon.colcon_core.verb:set package 'depthai_ros_msgs' build argument 'cmake_clean_first' from command line to 'False'
[0.458s] Level 5:colcon.colcon_core.verb:set package 'depthai_ros_msgs' build argument 'cmake_force_configure' from command line to 'False'
[0.458s] Level 5:colcon.colcon_core.verb:set package 'depthai_ros_msgs' build argument 'ament_cmake_args' from command line to 'None'
[0.459s] Level 5:colcon.colcon_core.verb:set package 'depthai_ros_msgs' build argument 'catkin_cmake_args' from command line to 'None'
[0.459s] Level 5:colcon.colcon_core.verb:set package 'depthai_ros_msgs' build argument 'catkin_skip_building_tests' from command line to 'False'
[0.459s] DEBUG:colcon.colcon_core.verb:Building package 'depthai_ros_msgs' with the following arguments: {'ament_cmake_args': None, 'build_base': '/home/raju/igv/build/depthai_ros_msgs', 'catkin_cmake_args': None, 'catkin_skip_building_tests': False, 'cmake_args': None, 'cmake_clean_cache': False, 'cmake_clean_first': False, 'cmake_force_configure': False, 'cmake_target': None, 'cmake_target_skip_unavailable': False, 'install_base': '/home/raju/igv/install/depthai_ros_msgs', 'merge_install': False, 'path': '/home/raju/igv/src/depthai-ros/depthai_ros_msgs', 'symlink_install': False, 'test_result_base': None}
[0.459s] Level 5:colcon.colcon_core.verb:set package 'igv' build argument 'cmake_args' from command line to 'None'
[0.459s] Level 5:colcon.colcon_core.verb:set package 'igv' build argument 'cmake_target' from command line to 'None'
[0.459s] Level 5:colcon.colcon_core.verb:set package 'igv' build argument 'cmake_target_skip_unavailable' from command line to 'False'
[0.459s] Level 5:colcon.colcon_core.verb:set package 'igv' build argument 'cmake_clean_cache' from command line to 'False'
[0.459s] Level 5:colcon.colcon_core.verb:set package 'igv' build argument 'cmake_clean_first' from command line to 'False'
[0.459s] Level 5:colcon.colcon_core.verb:set package 'igv' build argument 'cmake_force_configure' from command line to 'False'
[0.459s] Level 5:colcon.colcon_core.verb:set package 'igv' build argument 'ament_cmake_args' from command line to 'None'
[0.459s] Level 5:colcon.colcon_core.verb:set package 'igv' build argument 'catkin_cmake_args' from command line to 'None'
[0.459s] Level 5:colcon.colcon_core.verb:set package 'igv' build argument 'catkin_skip_building_tests' from command line to 'False'
[0.459s] DEBUG:colcon.colcon_core.verb:Building package 'igv' with the following arguments: {'ament_cmake_args': None, 'build_base': '/home/raju/igv/build/igv', 'catkin_cmake_args': None, 'catkin_skip_building_tests': False, 'cmake_args': None, 'cmake_clean_cache': False, 'cmake_clean_first': False, 'cmake_force_configure': False, 'cmake_target': None, 'cmake_target_skip_unavailable': False, 'install_base': '/home/raju/igv/install/igv', 'merge_install': False, 'path': '/home/raju/igv/src/igv', 'symlink_install': False, 'test_result_base': None}
[0.459s] Level 5:colcon.colcon_core.verb:set package 'igv_bringup' build argument 'cmake_args' from command line to 'None'
[0.459s] Level 5:colcon.colcon_core.verb:set package 'igv_bringup' build argument 'cmake_target' from command line to 'None'
[0.459s] Level 5:colcon.colcon_core.verb:set package 'igv_bringup' build argument 'cmake_target_skip_unavailable' from command line to 'False'
[0.459s] Level 5:colcon.colcon_core.verb:set package 'igv_bringup' build argument 'cmake_clean_cache' from command line to 'False'
[0.459s] Level 5:colcon.colcon_core.verb:set package 'igv_bringup' build argument 'cmake_clean_first' from command line to 'False'
[0.459s] Level 5:colcon.colcon_core.verb:set package 'igv_bringup' build argument 'cmake_force_configure' from command line to 'False'
[0.459s] Level 5:colcon.colcon_core.verb:set package 'igv_bringup' build argument 'ament_cmake_args' from command line to 'None'
[0.459s] Level 5:colcon.colcon_core.verb:set package 'igv_bringup' build argument 'catkin_cmake_args' from command line to 'None'
[0.459s] Level 5:colcon.colcon_core.verb:set package 'igv_bringup' build argument 'catkin_skip_building_tests' from command line to 'False'
[0.459s] DEBUG:colcon.colcon_core.verb:Building package 'igv_bringup' with the following arguments: {'ament_cmake_args': None, 'build_base': '/home/raju/igv/build/igv_bringup', 'catkin_cmake_args': None, 'catkin_skip_building_tests': False, 'cmake_args': None, 'cmake_clean_cache': False, 'cmake_clean_first': False, 'cmake_force_configure': False, 'cmake_target': None, 'cmake_target_skip_unavailable': False, 'install_base': '/home/raju/igv/install/igv_bringup', 'merge_install': False, 'path': '/home/raju/igv/src/igv_bringup', 'symlink_install': False, 'test_result_base': None}
[0.460s] Level 5:colcon.colcon_core.verb:set package 'igv_description' build argument 'cmake_args' from command line to 'None'
[0.460s] Level 5:colcon.colcon_core.verb:set package 'igv_description' build argument 'cmake_target' from command line to 'None'
[0.460s] Level 5:colcon.colcon_core.verb:set package 'igv_description' build argument 'cmake_target_skip_unavailable' from command line to 'False'
[0.460s] Level 5:colcon.colcon_core.verb:set package 'igv_description' build argument 'cmake_clean_cache' from command line to 'False'
[0.460s] Level 5:colcon.colcon_core.verb:set package 'igv_description' build argument 'cmake_clean_first' from command line to 'False'
[0.460s] Level 5:colcon.colcon_core.verb:set package 'igv_description' build argument 'cmake_force_configure' from command line to 'False'
[0.460s] Level 5:colcon.colcon_core.verb:set package 'igv_description' build argument 'ament_cmake_args' from command line to 'None'
[0.460s] Level 5:colcon.colcon_core.verb:set package 'igv_description' build argument 'catkin_cmake_args' from command line to 'None'
[0.460s] Level 5:colcon.colcon_core.verb:set package 'igv_description' build argument 'catkin_skip_building_tests' from command line to 'False'
[0.460s] DEBUG:colcon.colcon_core.verb:Building package 'igv_description' with the following arguments: {'ament_cmake_args': None, 'build_base': '/home/raju/igv/build/igv_description', 'catkin_cmake_args': None, 'catkin_skip_building_tests': False, 'cmake_args': None, 'cmake_clean_cache': False, 'cmake_clean_first': False, 'cmake_force_configure': False, 'cmake_target': None, 'cmake_target_skip_unavailable': False, 'install_base': '/home/raju/igv/install/igv_description', 'merge_install': False, 'path': '/home/raju/igv/src/igv_description', 'symlink_install': False, 'test_result_base': None}
[0.460s] Level 5:colcon.colcon_core.verb:set package 'ydlidar_ros2_driver' build argument 'cmake_args' from command line to 'None'
[0.460s] Level 5:colcon.colcon_core.verb:set package 'ydlidar_ros2_driver' build argument 'cmake_target' from command line to 'None'
[0.460s] Level 5:colcon.colcon_core.verb:set package 'ydlidar_ros2_driver' build argument 'cmake_target_skip_unavailable' from command line to 'False'
[0.460s] Level 5:colcon.colcon_core.verb:set package 'ydlidar_ros2_driver' build argument 'cmake_clean_cache' from command line to 'False'
[0.460s] Level 5:colcon.colcon_core.verb:set package 'ydlidar_ros2_driver' build argument 'cmake_clean_first' from command line to 'False'
[0.460s] Level 5:colcon.colcon_core.verb:set package 'ydlidar_ros2_driver' build argument 'cmake_force_configure' from command line to 'False'
[0.460s] Level 5:colcon.colcon_core.verb:set package 'ydlidar_ros2_driver' build argument 'ament_cmake_args' from command line to 'None'
[0.460s] Level 5:colcon.colcon_core.verb:set package 'ydlidar_ros2_driver' build argument 'catkin_cmake_args' from command line to 'None'
[0.460s] Level 5:colcon.colcon_core.verb:set package 'ydlidar_ros2_driver' build argument 'catkin_skip_building_tests' from command line to 'False'
[0.460s] DEBUG:colcon.colcon_core.verb:Building package 'ydlidar_ros2_driver' with the following arguments: {'ament_cmake_args': None, 'build_base': '/home/raju/igv/build/ydlidar_ros2_driver', 'catkin_cmake_args': None, 'catkin_skip_building_tests': False, 'cmake_args': None, 'cmake_clean_cache': False, 'cmake_clean_first': False, 'cmake_force_configure': False, 'cmake_target': None, 'cmake_target_skip_unavailable': False, 'install_base': '/home/raju/igv/install/ydlidar_ros2_driver', 'merge_install': False, 'path': '/home/raju/igv/src/ydlidar_ros2_driver', 'symlink_install': False, 'test_result_base': None}
[0.461s] Level 5:colcon.colcon_core.verb:set package 'ydlidar_sdk' build argument 'cmake_args' from command line to 'None'
[0.461s] Level 5:colcon.colcon_core.verb:set package 'ydlidar_sdk' build argument 'cmake_target' from command line to 'None'
[0.461s] Level 5:colcon.colcon_core.verb:set package 'ydlidar_sdk' build argument 'cmake_target_skip_unavailable' from command line to 'False'
[0.461s] Level 5:colcon.colcon_core.verb:set package 'ydlidar_sdk' build argument 'cmake_clean_cache' from command line to 'False'
[0.461s] Level 5:colcon.colcon_core.verb:set package 'ydlidar_sdk' build argument 'cmake_clean_first' from command line to 'False'
[0.461s] Level 5:colcon.colcon_core.verb:set package 'ydlidar_sdk' build argument 'cmake_force_configure' from command line to 'False'
[0.461s] Level 5:colcon.colcon_core.verb:set package 'ydlidar_sdk' build argument 'ament_cmake_args' from command line to 'None'
[0.461s] Level 5:colcon.colcon_core.verb:set package 'ydlidar_sdk' build argument 'catkin_cmake_args' from command line to 'None'
[0.461s] Level 5:colcon.colcon_core.verb:set package 'ydlidar_sdk' build argument 'catkin_skip_building_tests' from command line to 'False'
[0.461s] DEBUG:colcon.colcon_core.verb:Building package 'ydlidar_sdk' with the following arguments: {'ament_cmake_args': None, 'build_base': '/home/raju/igv/build/ydlidar_sdk', 'catkin_cmake_args': None, 'catkin_skip_building_tests': False, 'cmake_args': None, 'cmake_clean_cache': False, 'cmake_clean_first': False, 'cmake_force_configure': False, 'cmake_target': None, 'cmake_target_skip_unavailable': False, 'install_base': '/home/raju/igv/install/ydlidar_sdk', 'merge_install': False, 'path': '/home/raju/igv/src/YDLidar-SDK', 'symlink_install': False, 'test_result_base': None}
[0.461s] Level 5:colcon.colcon_core.verb:set package 'depthai_bridge' build argument 'cmake_args' from command line to 'None'
[0.461s] Level 5:colcon.colcon_core.verb:set package 'depthai_bridge' build argument 'cmake_target' from command line to 'None'
[0.461s] Level 5:colcon.colcon_core.verb:set package 'depthai_bridge' build argument 'cmake_target_skip_unavailable' from command line to 'False'
[0.461s] Level 5:colcon.colcon_core.verb:set package 'depthai_bridge' build argument 'cmake_clean_cache' from command line to 'False'
[0.461s] Level 5:colcon.colcon_core.verb:set package 'depthai_bridge' build argument 'cmake_clean_first' from command line to 'False'
[0.461s] Level 5:colcon.colcon_core.verb:set package 'depthai_bridge' build argument 'cmake_force_configure' from command line to 'False'
[0.461s] Level 5:colcon.colcon_core.verb:set package 'depthai_bridge' build argument 'ament_cmake_args' from command line to 'None'
[0.461s] Level 5:colcon.colcon_core.verb:set package 'depthai_bridge' build argument 'catkin_cmake_args' from command line to 'None'
[0.461s] Level 5:colcon.colcon_core.verb:set package 'depthai_bridge' build argument 'catkin_skip_building_tests' from command line to 'False'
[0.461s] DEBUG:colcon.colcon_core.verb:Building package 'depthai_bridge' with the following arguments: {'ament_cmake_args': None, 'build_base': '/home/raju/igv/build/depthai_bridge', 'catkin_cmake_args': None, 'catkin_skip_building_tests': False, 'cmake_args': None, 'cmake_clean_cache': False, 'cmake_clean_first': False, 'cmake_force_configure': False, 'cmake_target': None, 'cmake_target_skip_unavailable': False, 'install_base': '/home/raju/igv/install/depthai_bridge', 'merge_install': False, 'path': '/home/raju/igv/src/depthai-ros/depthai_bridge', 'symlink_install': False, 'test_result_base': None}
[0.461s] Level 5:colcon.colcon_core.verb:set package 'depthai_filters' build argument 'cmake_args' from command line to 'None'
[0.462s] Level 5:colcon.colcon_core.verb:set package 'depthai_filters' build argument 'cmake_target' from command line to 'None'
[0.462s] Level 5:colcon.colcon_core.verb:set package 'depthai_filters' build argument 'cmake_target_skip_unavailable' from command line to 'False'
[0.462s] Level 5:colcon.colcon_core.verb:set package 'depthai_filters' build argument 'cmake_clean_cache' from command line to 'False'
[0.462s] Level 5:colcon.colcon_core.verb:set package 'depthai_filters' build argument 'cmake_clean_first' from command line to 'False'
[0.462s] Level 5:colcon.colcon_core.verb:set package 'depthai_filters' build argument 'cmake_force_configure' from command line to 'False'
[0.462s] Level 5:colcon.colcon_core.verb:set package 'depthai_filters' build argument 'ament_cmake_args' from command line to 'None'
[0.462s] Level 5:colcon.colcon_core.verb:set package 'depthai_filters' build argument 'catkin_cmake_args' from command line to 'None'
[0.462s] Level 5:colcon.colcon_core.verb:set package 'depthai_filters' build argument 'catkin_skip_building_tests' from command line to 'False'
[0.462s] DEBUG:colcon.colcon_core.verb:Building package 'depthai_filters' with the following arguments: {'ament_cmake_args': None, 'build_base': '/home/raju/igv/build/depthai_filters', 'catkin_cmake_args': None, 'catkin_skip_building_tests': False, 'cmake_args': None, 'cmake_clean_cache': False, 'cmake_clean_first': False, 'cmake_force_configure': False, 'cmake_target': None, 'cmake_target_skip_unavailable': False, 'install_base': '/home/raju/igv/install/depthai_filters', 'merge_install': False, 'path': '/home/raju/igv/src/depthai-ros/depthai_filters', 'symlink_install': False, 'test_result_base': None}
[0.462s] Level 5:colcon.colcon_core.verb:set package 'depthai_examples' build argument 'cmake_args' from command line to 'None'
[0.462s] Level 5:colcon.colcon_core.verb:set package 'depthai_examples' build argument 'cmake_target' from command line to 'None'
[0.462s] Level 5:colcon.colcon_core.verb:set package 'depthai_examples' build argument 'cmake_target_skip_unavailable' from command line to 'False'
[0.462s] Level 5:colcon.colcon_core.verb:set package 'depthai_examples' build argument 'cmake_clean_cache' from command line to 'False'
[0.462s] Level 5:colcon.colcon_core.verb:set package 'depthai_examples' build argument 'cmake_clean_first' from command line to 'False'
[0.462s] Level 5:colcon.colcon_core.verb:set package 'depthai_examples' build argument 'cmake_force_configure' from command line to 'False'
[0.462s] Level 5:colcon.colcon_core.verb:set package 'depthai_examples' build argument 'ament_cmake_args' from command line to 'None'
[0.462s] Level 5:colcon.colcon_core.verb:set package 'depthai_examples' build argument 'catkin_cmake_args' from command line to 'None'
[0.462s] Level 5:colcon.colcon_core.verb:set package 'depthai_examples' build argument 'catkin_skip_building_tests' from command line to 'False'
[0.462s] DEBUG:colcon.colcon_core.verb:Building package 'depthai_examples' with the following arguments: {'ament_cmake_args': None, 'build_base': '/home/raju/igv/build/depthai_examples', 'catkin_cmake_args': None, 'catkin_skip_building_tests': False, 'cmake_args': None, 'cmake_clean_cache': False, 'cmake_clean_first': False, 'cmake_force_configure': False, 'cmake_target': None, 'cmake_target_skip_unavailable': False, 'install_base': '/home/raju/igv/install/depthai_examples', 'merge_install': False, 'path': '/home/raju/igv/src/depthai-ros/depthai_examples', 'symlink_install': False, 'test_result_base': None}
[0.462s] Level 5:colcon.colcon_core.verb:set package 'depthai_ros_driver' build argument 'cmake_args' from command line to 'None'
[0.462s] Level 5:colcon.colcon_core.verb:set package 'depthai_ros_driver' build argument 'cmake_target' from command line to 'None'
[0.462s] Level 5:colcon.colcon_core.verb:set package 'depthai_ros_driver' build argument 'cmake_target_skip_unavailable' from command line to 'False'
[0.462s] Level 5:colcon.colcon_core.verb:set package 'depthai_ros_driver' build argument 'cmake_clean_cache' from command line to 'False'
[0.462s] Level 5:colcon.colcon_core.verb:set package 'depthai_ros_driver' build argument 'cmake_clean_first' from command line to 'False'
[0.462s] Level 5:colcon.colcon_core.verb:set package 'depthai_ros_driver' build argument 'cmake_force_configure' from command line to 'False'
[0.462s] Level 5:colcon.colcon_core.verb:set package 'depthai_ros_driver' build argument 'ament_cmake_args' from command line to 'None'
[0.462s] Level 5:colcon.colcon_core.verb:set package 'depthai_ros_driver' build argument 'catkin_cmake_args' from command line to 'None'
[0.463s] Level 5:colcon.colcon_core.verb:set package 'depthai_ros_driver' build argument 'catkin_skip_building_tests' from command line to 'False'
[0.463s] DEBUG:colcon.colcon_core.verb:Building package 'depthai_ros_driver' with the following arguments: {'ament_cmake_args': None, 'build_base': '/home/raju/igv/build/depthai_ros_driver', 'catkin_cmake_args': None, 'catkin_skip_building_tests': False, 'cmake_args': None, 'cmake_clean_cache': False, 'cmake_clean_first': False, 'cmake_force_configure': False, 'cmake_target': None, 'cmake_target_skip_unavailable': False, 'install_base': '/home/raju/igv/install/depthai_ros_driver', 'merge_install': False, 'path': '/home/raju/igv/src/depthai-ros/depthai_ros_driver', 'symlink_install': False, 'test_result_base': None}
[0.463s] Level 5:colcon.colcon_core.verb:set package 'depthai-ros' build argument 'cmake_args' from command line to 'None'
[0.463s] Level 5:colcon.colcon_core.verb:set package 'depthai-ros' build argument 'cmake_target' from command line to 'None'
[0.463s] Level 5:colcon.colcon_core.verb:set package 'depthai-ros' build argument 'cmake_target_skip_unavailable' from command line to 'False'
[0.463s] Level 5:colcon.colcon_core.verb:set package 'depthai-ros' build argument 'cmake_clean_cache' from command line to 'False'
[0.463s] Level 5:colcon.colcon_core.verb:set package 'depthai-ros' build argument 'cmake_clean_first' from command line to 'False'
[0.463s] Level 5:colcon.colcon_core.verb:set package 'depthai-ros' build argument 'cmake_force_configure' from command line to 'False'
[0.463s] Level 5:colcon.colcon_core.verb:set package 'depthai-ros' build argument 'ament_cmake_args' from command line to 'None'
[0.463s] Level 5:colcon.colcon_core.verb:set package 'depthai-ros' build argument 'catkin_cmake_args' from command line to 'None'
[0.463s] Level 5:colcon.colcon_core.verb:set package 'depthai-ros' build argument 'catkin_skip_building_tests' from command line to 'False'
[0.463s] DEBUG:colcon.colcon_core.verb:Building package 'depthai-ros' with the following arguments: {'ament_cmake_args': None, 'build_base': '/home/raju/igv/build/depthai-ros', 'catkin_cmake_args': None, 'catkin_skip_building_tests': False, 'cmake_args': None, 'cmake_clean_cache': False, 'cmake_clean_first': False, 'cmake_force_configure': False, 'cmake_target': None, 'cmake_target_skip_unavailable': False, 'install_base': '/home/raju/igv/install/depthai-ros', 'merge_install': False, 'path': '/home/raju/igv/src/depthai-ros/depthai-ros', 'symlink_install': False, 'test_result_base': None}
[0.463s] INFO:colcon.colcon_core.executor:Executing jobs using 'parallel' executor
[0.464s] DEBUG:colcon.colcon_parallel_executor.executor.parallel:run_until_complete
[0.465s] INFO:colcon.colcon_ros.task.ament_cmake.build:Building ROS package in '/home/raju/igv/src/depthai-ros/depthai_ros_msgs' with build type 'ament_cmake'
[0.465s] INFO:colcon.colcon_cmake.task.cmake.build:Building CMake package in '/home/raju/igv/src/depthai-ros/depthai_ros_msgs'
[0.469s] INFO:colcon.colcon_core.plugin_system:Skipping extension 'colcon_core.shell.bat': Not used on non-Windows systems
[0.470s] INFO:colcon.colcon_core.shell:Skip shell extension 'powershell' for command environment: Not usable outside of PowerShell
[0.470s] DEBUG:colcon.colcon_core.shell:Skip shell extension 'dsv' for command environment
[0.477s] INFO:colcon.colcon_ros.task.ament_cmake.build:Building ROS package in '/home/raju/igv/src/depthai-ros/depthai_descriptions' with build type 'ament_cmake'
[0.477s] INFO:colcon.colcon_cmake.task.cmake.build:Building CMake package in '/home/raju/igv/src/depthai-ros/depthai_descriptions'
[0.478s] INFO:colcon.colcon_core.shell:Skip shell extension 'powershell' for command environment: Not usable outside of PowerShell
[0.478s] DEBUG:colcon.colcon_core.shell:Skip shell extension 'dsv' for command environment
[0.485s] INFO:colcon.colcon_ros.task.ament_python.build:Building ROS package in '/home/raju/igv/src/igv' with build type 'ament_python'
[0.486s] Level 1:colcon.colcon_core.shell:create_environment_hook('igv', 'ament_prefix_path')
[0.486s] INFO:colcon.colcon_core.shell:Creating environment hook '/home/raju/igv/install/igv/share/igv/hook/ament_prefix_path.ps1'
[0.488s] INFO:colcon.colcon_core.shell:Creating environment descriptor '/home/raju/igv/install/igv/share/igv/hook/ament_prefix_path.dsv'
[0.489s] INFO:colcon.colcon_core.shell:Creating environment hook '/home/raju/igv/install/igv/share/igv/hook/ament_prefix_path.sh'
[0.490s] INFO:colcon.colcon_core.shell:Skip shell extension 'powershell' for command environment: Not usable outside of PowerShell
[0.490s] DEBUG:colcon.colcon_core.shell:Skip shell extension 'dsv' for command environment
[0.497s] INFO:colcon.colcon_ros.task.ament_cmake.build:Building ROS package in '/home/raju/igv/src/igv_bringup' with build type 'ament_cmake'
[0.497s] INFO:colcon.colcon_cmake.task.cmake.build:Building CMake package in '/home/raju/igv/src/igv_bringup'
[0.497s] INFO:colcon.colcon_core.shell:Skip shell extension 'powershell' for command environment: Not usable outside of PowerShell
[0.497s] DEBUG:colcon.colcon_core.shell:Skip shell extension 'dsv' for command environment
[0.504s] INFO:colcon.colcon_ros.task.ament_cmake.build:Building ROS package in '/home/raju/igv/src/igv_description' with build type 'ament_cmake'
[0.504s] INFO:colcon.colcon_cmake.task.cmake.build:Building CMake package in '/home/raju/igv/src/igv_description'
[0.504s] INFO:colcon.colcon_core.shell:Skip shell extension 'powershell' for command environment: Not usable outside of PowerShell
[0.504s] DEBUG:colcon.colcon_core.shell:Skip shell extension 'dsv' for command environment
[0.511s] INFO:colcon.colcon_ros.task.ament_cmake.build:Building ROS package in '/home/raju/igv/src/ydlidar_ros2_driver' with build type 'ament_cmake'
[0.512s] INFO:colcon.colcon_cmake.task.cmake.build:Building CMake package in '/home/raju/igv/src/ydlidar_ros2_driver'
[0.512s] INFO:colcon.colcon_core.shell:Skip shell extension 'powershell' for command environment: Not usable outside of PowerShell
[0.512s] DEBUG:colcon.colcon_core.shell:Skip shell extension 'dsv' for command environment
[0.520s] INFO:colcon.colcon_cmake.task.cmake.build:Building CMake package in '/home/raju/igv/src/YDLidar-SDK'
[0.520s] INFO:colcon.colcon_core.shell:Skip shell extension 'powershell' for command environment: Not usable outside of PowerShell
[0.520s] DEBUG:colcon.colcon_core.shell:Skip shell extension 'dsv' for command environment
[0.554s] DEBUG:colcon.colcon_core.event_handler.log_command:Invoking command in '/home/raju/igv/build/depthai_ros_msgs': CMAKE_PREFIX_PATH=${CMAKE_PREFIX_PATH}:/home/raju/igv/install/igv:/home/raju/hs_ws/install/hs:/home/raju/igv_ws/install/igv:/opt/ros/jazzy DEBUGINFOD_URLS=https://debuginfod.ubuntu.com /usr/bin/cmake --build /home/raju/igv/build/depthai_ros_msgs -- -j12 -l12
[0.561s] DEBUG:colcon.colcon_core.event_handler.log_command:Invoking command in '/home/raju/igv/build/depthai_descriptions': CMAKE_PREFIX_PATH=${CMAKE_PREFIX_PATH}:/home/raju/igv/install/igv:/home/raju/hs_ws/install/hs:/home/raju/igv_ws/install/igv:/opt/ros/jazzy DEBUGINFOD_URLS=https://debuginfod.ubuntu.com /usr/bin/cmake --build /home/raju/igv/build/depthai_descriptions -- -j12 -l12
[0.897s] INFO:colcon.colcon_core.task.python.build:Building Python package in '/home/raju/igv/src/igv'
[0.897s] INFO:colcon.colcon_core.shell:Skip shell extension 'powershell' for command environment: Not usable outside of PowerShell
[0.897s] DEBUG:colcon.colcon_core.shell:Skip shell extension 'dsv' for command environment
[0.907s] DEBUG:colcon.colcon_core.event_handler.log_command:Invoking command in '/home/raju/igv/build/igv_bringup': CMAKE_PREFIX_PATH=${CMAKE_PREFIX_PATH}:/home/raju/igv/install/igv:/home/raju/hs_ws/install/hs:/home/raju/igv_ws/install/igv:/opt/ros/jazzy DEBUGINFOD_URLS=https://debuginfod.ubuntu.com /usr/bin/cmake /home/raju/igv/src/igv_bringup -DCMAKE_INSTALL_PREFIX=/home/raju/igv/install/igv_bringup
[0.911s] DEBUG:colcon.colcon_core.event_handler.log_command:Invoking command in '/home/raju/igv/build/igv_description': CMAKE_PREFIX_PATH=${CMAKE_PREFIX_PATH}:/home/raju/igv/install/igv:/home/raju/hs_ws/install/hs:/home/raju/igv_ws/install/igv:/opt/ros/jazzy DEBUGINFOD_URLS=https://debuginfod.ubuntu.com /usr/bin/cmake --build /home/raju/igv/build/igv_description -- -j12 -l12
[0.914s] DEBUG:colcon.colcon_core.event_handler.log_command:Invoking command in '/home/raju/igv/build/ydlidar_ros2_driver': CMAKE_PREFIX_PATH=${CMAKE_PREFIX_PATH}:/home/raju/igv/install/igv:/home/raju/hs_ws/install/hs:/home/raju/igv_ws/install/igv:/opt/ros/jazzy DEBUGINFOD_URLS=https://debuginfod.ubuntu.com /usr/bin/cmake --build /home/raju/igv/build/ydlidar_ros2_driver -- -j12 -l12
[0.924s] DEBUG:colcon.colcon_core.event_handler.log_command:Invoking command in '/home/raju/igv/build/ydlidar_sdk': DEBUGINFOD_URLS=https://debuginfod.ubuntu.com /usr/bin/cmake --build /home/raju/igv/build/ydlidar_sdk -- -j12 -l12
[0.925s] DEBUG:colcon.colcon_core.event_handler.log_command:Invoked command in '/home/raju/igv/build/depthai_descriptions' returned '0': CMAKE_PREFIX_PATH=${CMAKE_PREFIX_PATH}:/home/raju/igv/install/igv:/home/raju/hs_ws/install/hs:/home/raju/igv_ws/install/igv:/opt/ros/jazzy DEBUGINFOD_URLS=https://debuginfod.ubuntu.com /usr/bin/cmake --build /home/raju/igv/build/depthai_descriptions -- -j12 -l12
[0.942s] DEBUG:colcon.colcon_core.event_handler.log_command:Invoking command in '/home/raju/igv/build/depthai_descriptions': CMAKE_PREFIX_PATH=${CMAKE_PREFIX_PATH}:/home/raju/igv/install/igv:/home/raju/hs_ws/install/hs:/home/raju/igv_ws/install/igv:/opt/ros/jazzy DEBUGINFOD_URLS=https://debuginfod.ubuntu.com /usr/bin/cmake --install /home/raju/igv/build/depthai_descriptions
[0.962s] Level 1:colcon.colcon_core.environment:create_environment_scripts_only(depthai_descriptions)
[0.963s] DEBUG:colcon.colcon_core.event_handler.log_command:Invoked command in '/home/raju/igv/build/depthai_descriptions' returned '0': CMAKE_PREFIX_PATH=${CMAKE_PREFIX_PATH}:/home/raju/igv/install/igv:/home/raju/hs_ws/install/hs:/home/raju/igv_ws/install/igv:/opt/ros/jazzy DEBUGINFOD_URLS=https://debuginfod.ubuntu.com /usr/bin/cmake --install /home/raju/igv/build/depthai_descriptions
[0.967s] Level 1:colcon.colcon_core.environment:checking '/home/raju/igv/install/depthai_descriptions' for CMake module files
[0.968s] Level 1:colcon.colcon_core.environment:checking '/home/raju/igv/install/depthai_descriptions' for CMake config files
[0.968s] Level 1:colcon.colcon_core.shell:create_environment_hook('depthai_descriptions', 'cmake_prefix_path')
[0.969s] INFO:colcon.colcon_core.shell:Creating environment hook '/home/raju/igv/install/depthai_descriptions/share/depthai_descriptions/hook/cmake_prefix_path.ps1'
[0.969s] INFO:colcon.colcon_core.shell:Creating environment descriptor '/home/raju/igv/install/depthai_descriptions/share/depthai_descriptions/hook/cmake_prefix_path.dsv'
[0.970s] INFO:colcon.colcon_core.shell:Creating environment hook '/home/raju/igv/install/depthai_descriptions/share/depthai_descriptions/hook/cmake_prefix_path.sh'
[0.971s] Level 1:colcon.colcon_core.environment:checking '/home/raju/igv/install/depthai_descriptions/bin'
[0.971s] Level 1:colcon.colcon_core.environment:checking '/home/raju/igv/install/depthai_descriptions/lib/pkgconfig/depthai_descriptions.pc'
[0.971s] Level 1:colcon.colcon_core.environment:checking '/home/raju/igv/install/depthai_descriptions/lib/python3.12/site-packages'
[0.972s] Level 1:colcon.colcon_core.environment:checking '/home/raju/igv/install/depthai_descriptions/bin'
[0.972s] INFO:colcon.colcon_core.shell:Creating package script '/home/raju/igv/install/depthai_descriptions/share/depthai_descriptions/package.ps1'
[0.973s] INFO:colcon.colcon_core.shell:Creating package descriptor '/home/raju/igv/install/depthai_descriptions/share/depthai_descriptions/package.dsv'
[0.974s] INFO:colcon.colcon_core.shell:Creating package script '/home/raju/igv/install/depthai_descriptions/share/depthai_descriptions/package.sh'
[0.975s] INFO:colcon.colcon_core.shell:Creating package script '/home/raju/igv/install/depthai_descriptions/share/depthai_descriptions/package.bash'
[0.976s] INFO:colcon.colcon_core.shell:Creating package script '/home/raju/igv/install/depthai_descriptions/share/depthai_descriptions/package.zsh'
[0.977s] Level 1:colcon.colcon_core.environment:create_file_with_runtime_dependencies(/home/raju/igv/install/depthai_descriptions/share/colcon-core/packages/depthai_descriptions)
[0.978s] Level 1:colcon.colcon_core.environment:create_environment_scripts_only(depthai_descriptions)
[0.979s] Level 1:colcon.colcon_core.environment:checking '/home/raju/igv/install/depthai_descriptions' for CMake module files
[0.979s] Level 1:colcon.colcon_core.environment:checking '/home/raju/igv/install/depthai_descriptions' for CMake config files
[0.979s] Level 1:colcon.colcon_core.shell:create_environment_hook('depthai_descriptions', 'cmake_prefix_path')
[0.979s] INFO:colcon.colcon_core.shell:Creating environment hook '/home/raju/igv/install/depthai_descriptions/share/depthai_descriptions/hook/cmake_prefix_path.ps1'
[0.980s] INFO:colcon.colcon_core.shell:Creating environment descriptor '/home/raju/igv/install/depthai_descriptions/share/depthai_descriptions/hook/cmake_prefix_path.dsv'
[0.980s] INFO:colcon.colcon_core.shell:Creating environment hook '/home/raju/igv/install/depthai_descriptions/share/depthai_descriptions/hook/cmake_prefix_path.sh'
[0.981s] Level 1:colcon.colcon_core.environment:checking '/home/raju/igv/install/depthai_descriptions/bin'
[0.981s] Level 1:colcon.colcon_core.environment:checking '/home/raju/igv/install/depthai_descriptions/lib/pkgconfig/depthai_descriptions.pc'
[0.982s] Level 1:colcon.colcon_core.environment:checking '/home/raju/igv/install/depthai_descriptions/lib/python3.12/site-packages'
[0.982s] Level 1:colcon.colcon_core.environment:checking '/home/raju/igv/install/depthai_descriptions/bin'
[0.982s] INFO:colcon.colcon_core.shell:Creating package script '/home/raju/igv/install/depthai_descriptions/share/depthai_descriptions/package.ps1'
[0.983s] INFO:colcon.colcon_core.shell:Creating package descriptor '/home/raju/igv/install/depthai_descriptions/share/depthai_descriptions/package.dsv'
[0.984s] INFO:colcon.colcon_core.shell:Creating package script '/home/raju/igv/install/depthai_descriptions/share/depthai_descriptions/package.sh'
[0.984s] INFO:colcon.colcon_core.shell:Creating package script '/home/raju/igv/install/depthai_descriptions/share/depthai_descriptions/package.bash'
[0.985s] INFO:colcon.colcon_core.shell:Creating package script '/home/raju/igv/install/depthai_descriptions/share/depthai_descriptions/package.zsh'
[0.986s] Level 1:colcon.colcon_core.environment:create_file_with_runtime_dependencies(/home/raju/igv/install/depthai_descriptions/share/colcon-core/packages/depthai_descriptions)
[0.988s] DEBUG:colcon.colcon_core.event_handler.log_command:Invoked command in '/home/raju/igv/build/igv_description' returned '0': CMAKE_PREFIX_PATH=${CMAKE_PREFIX_PATH}:/home/raju/igv/install/igv:/home/raju/hs_ws/install/hs:/home/raju/igv_ws/install/igv:/opt/ros/jazzy DEBUGINFOD_URLS=https://debuginfod.ubuntu.com /usr/bin/cmake --build /home/raju/igv/build/igv_description -- -j12 -l12
[0.991s] DEBUG:colcon.colcon_core.event_handler.log_command:Invoking command in '/home/raju/igv/build/igv_description': CMAKE_PREFIX_PATH=${CMAKE_PREFIX_PATH}:/home/raju/igv/install/igv:/home/raju/hs_ws/install/hs:/home/raju/igv_ws/install/igv:/opt/ros/jazzy DEBUGINFOD_URLS=https://debuginfod.ubuntu.com /usr/bin/cmake --install /home/raju/igv/build/igv_description
[1.030s] DEBUG:colcon.colcon_core.event_handler.log_command:Invoked command in '/home/raju/igv/build/ydlidar_ros2_driver' returned '0': CMAKE_PREFIX_PATH=${CMAKE_PREFIX_PATH}:/home/raju/igv/install/igv:/home/raju/hs_ws/install/hs:/home/raju/igv_ws/install/igv:/opt/ros/jazzy DEBUGINFOD_URLS=https://debuginfod.ubuntu.com /usr/bin/cmake --build /home/raju/igv/build/ydlidar_ros2_driver -- -j12 -l12
[1.038s] DEBUG:colcon.colcon_core.event_handler.log_command:Invoking command in '/home/raju/igv/build/ydlidar_ros2_driver': CMAKE_PREFIX_PATH=${CMAKE_PREFIX_PATH}:/home/raju/igv/install/igv:/home/raju/hs_ws/install/hs:/home/raju/igv_ws/install/igv:/opt/ros/jazzy DEBUGINFOD_URLS=https://debuginfod.ubuntu.com /usr/bin/cmake --install /home/raju/igv/build/ydlidar_ros2_driver
[1.050s] Level 1:colcon.colcon_core.environment:create_environment_scripts_only(igv_description)
[1.050s] Level 1:colcon.colcon_core.environment:checking '/home/raju/igv/install/igv_description' for CMake module files
[1.051s] Level 1:colcon.colcon_core.environment:checking '/home/raju/igv/install/igv_description' for CMake config files
[1.051s] Level 1:colcon.colcon_core.shell:create_environment_hook('igv_description', 'cmake_prefix_path')
[1.052s] INFO:colcon.colcon_core.shell:Creating environment hook '/home/raju/igv/install/igv_description/share/igv_description/hook/cmake_prefix_path.ps1'
[1.055s] DEBUG:colcon.colcon_core.event_handler.log_command:Invoked command in '/home/raju/igv/build/igv_description' returned '0': CMAKE_PREFIX_PATH=${CMAKE_PREFIX_PATH}:/home/raju/igv/install/igv:/home/raju/hs_ws/install/hs:/home/raju/igv_ws/install/igv:/opt/ros/jazzy DEBUGINFOD_URLS=https://debuginfod.ubuntu.com /usr/bin/cmake --install /home/raju/igv/build/igv_description
[1.056s] INFO:colcon.colcon_core.shell:Creating environment descriptor '/home/raju/igv/install/igv_description/share/igv_description/hook/cmake_prefix_path.dsv'
[1.057s] INFO:colcon.colcon_core.shell:Creating environment hook '/home/raju/igv/install/igv_description/share/igv_description/hook/cmake_prefix_path.sh'
[1.061s] Level 1:colcon.colcon_core.environment:checking '/home/raju/igv/install/igv_description/bin'
[1.067s] Level 1:colcon.colcon_core.environment:checking '/home/raju/igv/install/igv_description/lib/pkgconfig/igv_description.pc'
[1.068s] Level 1:colcon.colcon_core.environment:checking '/home/raju/igv/install/igv_description/lib/python3.12/site-packages'
[1.069s] Level 1:colcon.colcon_core.environment:checking '/home/raju/igv/install/igv_description/bin'
[1.070s] INFO:colcon.colcon_core.shell:Creating package script '/home/raju/igv/install/igv_description/share/igv_description/package.ps1'
[1.073s] INFO:colcon.colcon_core.shell:Creating package descriptor '/home/raju/igv/install/igv_description/share/igv_description/package.dsv'
[1.074s] INFO:colcon.colcon_core.shell:Creating package script '/home/raju/igv/install/igv_description/share/igv_description/package.sh'
[1.075s] INFO:colcon.colcon_core.shell:Creating package script '/home/raju/igv/install/igv_description/share/igv_description/package.bash'
[1.076s] INFO:colcon.colcon_core.shell:Creating package script '/home/raju/igv/install/igv_description/share/igv_description/package.zsh'
[1.077s] Level 1:colcon.colcon_core.environment:create_file_with_runtime_dependencies(/home/raju/igv/install/igv_description/share/colcon-core/packages/igv_description)
[1.078s] Level 1:colcon.colcon_core.environment:create_environment_scripts_only(igv_description)
[1.079s] Level 1:colcon.colcon_core.environment:checking '/home/raju/igv/install/igv_description' for CMake module files
[1.081s] Level 1:colcon.colcon_core.environment:checking '/home/raju/igv/install/igv_description' for CMake config files
[1.081s] Level 1:colcon.colcon_core.shell:create_environment_hook('igv_description', 'cmake_prefix_path')
[1.082s] INFO:colcon.colcon_core.shell:Creating environment hook '/home/raju/igv/install/igv_description/share/igv_description/hook/cmake_prefix_path.ps1'
[1.083s] INFO:colcon.colcon_core.shell:Creating environment descriptor '/home/raju/igv/install/igv_description/share/igv_description/hook/cmake_prefix_path.dsv'
[1.084s] INFO:colcon.colcon_core.shell:Creating environment hook '/home/raju/igv/install/igv_description/share/igv_description/hook/cmake_prefix_path.sh'
[1.085s] Level 1:colcon.colcon_core.environment:checking '/home/raju/igv/install/igv_description/bin'
[1.085s] Level 1:colcon.colcon_core.environment:checking '/home/raju/igv/install/igv_description/lib/pkgconfig/igv_description.pc'
[1.086s] Level 1:colcon.colcon_core.environment:checking '/home/raju/igv/install/igv_description/lib/python3.12/site-packages'
[1.087s] Level 1:colcon.colcon_core.environment:checking '/home/raju/igv/install/igv_description/bin'
[1.087s] INFO:colcon.colcon_core.shell:Creating package script '/home/raju/igv/install/igv_description/share/igv_description/package.ps1'
[1.088s] INFO:colcon.colcon_core.shell:Creating package descriptor '/home/raju/igv/install/igv_description/share/igv_description/package.dsv'
[1.089s] INFO:colcon.colcon_core.shell:Creating package script '/home/raju/igv/install/igv_description/share/igv_description/package.sh'
[1.090s] INFO:colcon.colcon_core.shell:Creating package script '/home/raju/igv/install/igv_description/share/igv_description/package.bash'
[1.092s] INFO:colcon.colcon_core.shell:Creating package script '/home/raju/igv/install/igv_description/share/igv_description/package.zsh'
[1.093s] Level 1:colcon.colcon_core.environment:create_file_with_runtime_dependencies(/home/raju/igv/install/igv_description/share/colcon-core/packages/igv_description)
[1.094s] Level 1:colcon.colcon_core.environment:create_environment_scripts_only(ydlidar_ros2_driver)
[1.094s] Level 1:colcon.colcon_core.environment:checking '/home/raju/igv/install/ydlidar_ros2_driver' for CMake module files
[1.095s] Level 1:colcon.colcon_core.environment:checking '/home/raju/igv/install/ydlidar_ros2_driver' for CMake config files
[1.096s] Level 1:colcon.colcon_core.shell:create_environment_hook('ydlidar_ros2_driver', 'cmake_prefix_path')
[1.096s] INFO:colcon.colcon_core.shell:Creating environment hook '/home/raju/igv/install/ydlidar_ros2_driver/share/ydlidar_ros2_driver/hook/cmake_prefix_path.ps1'
[1.097s] INFO:colcon.colcon_core.shell:Creating environment descriptor '/home/raju/igv/install/ydlidar_ros2_driver/share/ydlidar_ros2_driver/hook/cmake_prefix_path.dsv'
[1.098s] DEBUG:colcon.colcon_core.event_handler.log_command:Invoked command in '/home/raju/igv/build/ydlidar_ros2_driver' returned '0': CMAKE_PREFIX_PATH=${CMAKE_PREFIX_PATH}:/home/raju/igv/install/igv:/home/raju/hs_ws/install/hs:/home/raju/igv_ws/install/igv:/opt/ros/jazzy DEBUGINFOD_URLS=https://debuginfod.ubuntu.com /usr/bin/cmake --install /home/raju/igv/build/ydlidar_ros2_driver
[1.099s] INFO:colcon.colcon_core.shell:Creating environment hook '/home/raju/igv/install/ydlidar_ros2_driver/share/ydlidar_ros2_driver/hook/cmake_prefix_path.sh'
[1.101s] Level 1:colcon.colcon_core.environment:checking '/home/raju/igv/install/ydlidar_ros2_driver/lib'
[1.101s] Level 1:colcon.colcon_core.environment:checking '/home/raju/igv/install/ydlidar_ros2_driver/bin'
[1.101s] Level 1:colcon.colcon_core.environment:checking '/home/raju/igv/install/ydlidar_ros2_driver/lib/pkgconfig/ydlidar_ros2_driver.pc'
[1.102s] Level 1:colcon.colcon_core.environment:checking '/home/raju/igv/install/ydlidar_ros2_driver/lib/python3.12/site-packages'
[1.102s] Level 1:colcon.colcon_core.environment:checking '/home/raju/igv/install/ydlidar_ros2_driver/bin'
[1.103s] INFO:colcon.colcon_core.shell:Creating package script '/home/raju/igv/install/ydlidar_ros2_driver/share/ydlidar_ros2_driver/package.ps1'
[1.105s] INFO:colcon.colcon_core.shell:Creating package descriptor '/home/raju/igv/install/ydlidar_ros2_driver/share/ydlidar_ros2_driver/package.dsv'
[1.105s] INFO:colcon.colcon_core.shell:Creating package script '/home/raju/igv/install/ydlidar_ros2_driver/share/ydlidar_ros2_driver/package.sh'
[1.106s] INFO:colcon.colcon_core.shell:Creating package script '/home/raju/igv/install/ydlidar_ros2_driver/share/ydlidar_ros2_driver/package.bash'
[1.107s] INFO:colcon.colcon_core.shell:Creating package script '/home/raju/igv/install/ydlidar_ros2_driver/share/ydlidar_ros2_driver/package.zsh'
[1.108s] Level 1:colcon.colcon_core.environment:create_file_with_runtime_dependencies(/home/raju/igv/install/ydlidar_ros2_driver/share/colcon-core/packages/ydlidar_ros2_driver)
[1.109s] Level 1:colcon.colcon_core.environment:create_environment_scripts_only(ydlidar_ros2_driver)
[1.109s] Level 1:colcon.colcon_core.environment:checking '/home/raju/igv/install/ydlidar_ros2_driver' for CMake module files
[1.110s] Level 1:colcon.colcon_core.environment:checking '/home/raju/igv/install/ydlidar_ros2_driver' for CMake config files
[1.111s] Level 1:colcon.colcon_core.shell:create_environment_hook('ydlidar_ros2_driver', 'cmake_prefix_path')
[1.112s] INFO:colcon.colcon_core.shell:Creating environment hook '/home/raju/igv/install/ydlidar_ros2_driver/share/ydlidar_ros2_driver/hook/cmake_prefix_path.ps1'
[1.113s] INFO:colcon.colcon_core.shell:Creating environment descriptor '/home/raju/igv/install/ydlidar_ros2_driver/share/ydlidar_ros2_driver/hook/cmake_prefix_path.dsv'
[1.113s] INFO:colcon.colcon_core.shell:Creating environment hook '/home/raju/igv/install/ydlidar_ros2_driver/share/ydlidar_ros2_driver/hook/cmake_prefix_path.sh'
[1.115s] Level 1:colcon.colcon_core.environment:checking '/home/raju/igv/install/ydlidar_ros2_driver/lib'
[1.115s] Level 1:colcon.colcon_core.environment:checking '/home/raju/igv/install/ydlidar_ros2_driver/bin'
[1.116s] Level 1:colcon.colcon_core.environment:checking '/home/raju/igv/install/ydlidar_ros2_driver/lib/pkgconfig/ydlidar_ros2_driver.pc'
[1.116s] Level 1:colcon.colcon_core.environment:checking '/home/raju/igv/install/ydlidar_ros2_driver/lib/python3.12/site-packages'
[1.117s] Level 1:colcon.colcon_core.environment:checking '/home/raju/igv/install/ydlidar_ros2_driver/bin'
[1.117s] INFO:colcon.colcon_core.shell:Creating package script '/home/raju/igv/install/ydlidar_ros2_driver/share/ydlidar_ros2_driver/package.ps1'
[1.118s] INFO:colcon.colcon_core.shell:Creating package descriptor '/home/raju/igv/install/ydlidar_ros2_driver/share/ydlidar_ros2_driver/package.dsv'
[1.119s] INFO:colcon.colcon_core.shell:Creating package script '/home/raju/igv/install/ydlidar_ros2_driver/share/ydlidar_ros2_driver/package.sh'
[1.120s] INFO:colcon.colcon_core.shell:Creating package script '/home/raju/igv/install/ydlidar_ros2_driver/share/ydlidar_ros2_driver/package.bash'
[1.121s] INFO:colcon.colcon_core.shell:Creating package script '/home/raju/igv/install/ydlidar_ros2_driver/share/ydlidar_ros2_driver/package.zsh'
[1.121s] Level 1:colcon.colcon_core.environment:create_file_with_runtime_dependencies(/home/raju/igv/install/ydlidar_ros2_driver/share/colcon-core/packages/ydlidar_ros2_driver)
[1.170s] DEBUG:colcon.colcon_core.event_handler.log_command:Invoked command in '/home/raju/igv/build/ydlidar_sdk' returned '0': DEBUGINFOD_URLS=https://debuginfod.ubuntu.com /usr/bin/cmake --build /home/raju/igv/build/ydlidar_sdk -- -j12 -l12
[1.173s] DEBUG:colcon.colcon_core.event_handler.log_command:Invoking command in '/home/raju/igv/build/ydlidar_sdk': DEBUGINFOD_URLS=https://debuginfod.ubuntu.com /usr/bin/cmake --install /home/raju/igv/build/ydlidar_sdk
[1.200s] Level 1:colcon.colcon_core.environment:create_environment_scripts_only(ydlidar_sdk)
[1.201s] Level 1:colcon.colcon_core.environment:checking '/home/raju/igv/install/ydlidar_sdk' for CMake module files
[1.202s] DEBUG:colcon.colcon_core.event_handler.log_command:Invoked command in '/home/raju/igv/build/ydlidar_sdk' returned '0': DEBUGINFOD_URLS=https://debuginfod.ubuntu.com /usr/bin/cmake --install /home/raju/igv/build/ydlidar_sdk
[1.202s] Level 1:colcon.colcon_core.environment:checking '/home/raju/igv/install/ydlidar_sdk' for CMake config files
[1.203s] Level 1:colcon.colcon_core.shell:create_environment_hook('ydlidar_sdk', 'cmake_prefix_path')
[1.203s] INFO:colcon.colcon_core.shell:Creating environment hook '/home/raju/igv/install/ydlidar_sdk/share/ydlidar_sdk/hook/cmake_prefix_path.ps1'
[1.204s] INFO:colcon.colcon_core.shell:Creating environment descriptor '/home/raju/igv/install/ydlidar_sdk/share/ydlidar_sdk/hook/cmake_prefix_path.dsv'
[1.205s] INFO:colcon.colcon_core.shell:Creating environment hook '/home/raju/igv/install/ydlidar_sdk/share/ydlidar_sdk/hook/cmake_prefix_path.sh'
[1.206s] Level 1:colcon.colcon_core.environment:checking '/home/raju/igv/install/ydlidar_sdk/lib'
[1.206s] Level 1:colcon.colcon_core.environment:checking '/home/raju/igv/install/ydlidar_sdk/bin'
[1.206s] Level 1:colcon.colcon_core.shell:create_environment_hook('ydlidar_sdk', 'path')
[1.207s] INFO:colcon.colcon_core.shell:Creating environment hook '/home/raju/igv/install/ydlidar_sdk/share/ydlidar_sdk/hook/path.ps1'
[1.207s] INFO:colcon.colcon_core.shell:Creating environment descriptor '/home/raju/igv/install/ydlidar_sdk/share/ydlidar_sdk/hook/path.dsv'
[1.208s] INFO:colcon.colcon_core.shell:Creating environment hook '/home/raju/igv/install/ydlidar_sdk/share/ydlidar_sdk/hook/path.sh'
[1.209s] Level 1:colcon.colcon_core.environment:checking '/home/raju/igv/install/ydlidar_sdk/lib/pkgconfig/ydlidar_sdk.pc'
[1.209s] Level 1:colcon.colcon_core.environment:checking '/home/raju/igv/install/ydlidar_sdk/lib/python3.12/site-packages'
[1.209s] Level 1:colcon.colcon_core.environment:checking '/home/raju/igv/install/ydlidar_sdk/bin'
[1.210s] Level 1:colcon.colcon_core.shell:create_environment_hook('ydlidar_sdk', 'pythonscriptspath')
[1.210s] INFO:colcon.colcon_core.shell:Creating environment hook '/home/raju/igv/install/ydlidar_sdk/share/ydlidar_sdk/hook/pythonscriptspath.ps1'
[1.210s] INFO:colcon.colcon_core.shell:Creating environment descriptor '/home/raju/igv/install/ydlidar_sdk/share/ydlidar_sdk/hook/pythonscriptspath.dsv'
[1.211s] INFO:colcon.colcon_core.shell:Creating environment hook '/home/raju/igv/install/ydlidar_sdk/share/ydlidar_sdk/hook/pythonscriptspath.sh'
[1.212s] INFO:colcon.colcon_core.shell:Creating package script '/home/raju/igv/install/ydlidar_sdk/share/ydlidar_sdk/package.ps1'
[1.212s] INFO:colcon.colcon_core.shell:Creating package descriptor '/home/raju/igv/install/ydlidar_sdk/share/ydlidar_sdk/package.dsv'
[1.213s] INFO:colcon.colcon_core.shell:Creating package script '/home/raju/igv/install/ydlidar_sdk/share/ydlidar_sdk/package.sh'
[1.213s] INFO:colcon.colcon_core.shell:Creating package script '/home/raju/igv/install/ydlidar_sdk/share/ydlidar_sdk/package.bash'
[1.213s] INFO:colcon.colcon_core.shell:Creating package script '/home/raju/igv/install/ydlidar_sdk/share/ydlidar_sdk/package.zsh'
[1.214s] Level 1:colcon.colcon_core.environment:create_file_with_runtime_dependencies(/home/raju/igv/install/ydlidar_sdk/share/colcon-core/packages/ydlidar_sdk)
[1.239s] DEBUG:colcon.colcon_core.event_handler.log_command:Invoked command in '/home/raju/igv/build/depthai_ros_msgs' returned '0': CMAKE_PREFIX_PATH=${CMAKE_PREFIX_PATH}:/home/raju/igv/install/igv:/home/raju/hs_ws/install/hs:/home/raju/igv_ws/install/igv:/opt/ros/jazzy DEBUGINFOD_URLS=https://debuginfod.ubuntu.com /usr/bin/cmake --build /home/raju/igv/build/depthai_ros_msgs -- -j12 -l12
[1.242s] DEBUG:colcon.colcon_core.event_handler.log_command:Invoking command in '/home/raju/igv/build/depthai_ros_msgs': CMAKE_PREFIX_PATH=${CMAKE_PREFIX_PATH}:/home/raju/igv/install/igv:/home/raju/hs_ws/install/hs:/home/raju/igv_ws/install/igv:/opt/ros/jazzy DEBUGINFOD_URLS=https://debuginfod.ubuntu.com /usr/bin/cmake --install /home/raju/igv/build/depthai_ros_msgs
[1.346s] Level 1:colcon.colcon_core.environment:create_environment_scripts_only(depthai_ros_msgs)
[1.347s] Level 1:colcon.colcon_core.environment:checking '/home/raju/igv/install/depthai_ros_msgs' for CMake module files
[1.347s] DEBUG:colcon.colcon_core.event_handler.log_command:Invoked command in '/home/raju/igv/build/depthai_ros_msgs' returned '0': CMAKE_PREFIX_PATH=${CMAKE_PREFIX_PATH}:/home/raju/igv/install/igv:/home/raju/hs_ws/install/hs:/home/raju/igv_ws/install/igv:/opt/ros/jazzy DEBUGINFOD_URLS=https://debuginfod.ubuntu.com /usr/bin/cmake --install /home/raju/igv/build/depthai_ros_msgs
[1.348s] Level 1:colcon.colcon_core.environment:checking '/home/raju/igv/install/depthai_ros_msgs' for CMake config files
[1.349s] Level 1:colcon.colcon_core.shell:create_environment_hook('depthai_ros_msgs', 'cmake_prefix_path')
[1.349s] INFO:colcon.colcon_core.shell:Creating environment hook '/home/raju/igv/install/depthai_ros_msgs/share/depthai_ros_msgs/hook/cmake_prefix_path.ps1'
[1.349s] INFO:colcon.colcon_core.shell:Creating environment descriptor '/home/raju/igv/install/depthai_ros_msgs/share/depthai_ros_msgs/hook/cmake_prefix_path.dsv'
[1.350s] INFO:colcon.colcon_core.shell:Creating environment hook '/home/raju/igv/install/depthai_ros_msgs/share/depthai_ros_msgs/hook/cmake_prefix_path.sh'
[1.350s] Level 1:colcon.colcon_core.environment:checking '/home/raju/igv/install/depthai_ros_msgs/lib'
[1.351s] Level 1:colcon.colcon_core.shell:create_environment_hook('depthai_ros_msgs', 'ld_library_path_lib')
[1.351s] INFO:colcon.colcon_core.shell:Creating environment hook '/home/raju/igv/install/depthai_ros_msgs/share/depthai_ros_msgs/hook/ld_library_path_lib.ps1'
[1.351s] INFO:colcon.colcon_core.shell:Creating environment descriptor '/home/raju/igv/install/depthai_ros_msgs/share/depthai_ros_msgs/hook/ld_library_path_lib.dsv'
[1.351s] INFO:colcon.colcon_core.shell:Creating environment hook '/home/raju/igv/install/depthai_ros_msgs/share/depthai_ros_msgs/hook/ld_library_path_lib.sh'
[1.352s] Level 1:colcon.colcon_core.environment:checking '/home/raju/igv/install/depthai_ros_msgs/bin'
[1.352s] Level 1:colcon.colcon_core.environment:checking '/home/raju/igv/install/depthai_ros_msgs/lib/pkgconfig/depthai_ros_msgs.pc'
[1.352s] Level 1:colcon.colcon_core.environment:checking '/home/raju/igv/install/depthai_ros_msgs/lib/python3.12/site-packages'
[1.352s] Level 1:colcon.colcon_core.shell:create_environment_hook('depthai_ros_msgs', 'pythonpath')
[1.352s] INFO:colcon.colcon_core.shell:Creating environment hook '/home/raju/igv/install/depthai_ros_msgs/share/depthai_ros_msgs/hook/pythonpath.ps1'
[1.353s] INFO:colcon.colcon_core.shell:Creating environment descriptor '/home/raju/igv/install/depthai_ros_msgs/share/depthai_ros_msgs/hook/pythonpath.dsv'
[1.353s] INFO:colcon.colcon_core.shell:Creating environment hook '/home/raju/igv/install/depthai_ros_msgs/share/depthai_ros_msgs/hook/pythonpath.sh'
[1.354s] Level 1:colcon.colcon_core.environment:checking '/home/raju/igv/install/depthai_ros_msgs/bin'
[1.354s] INFO:colcon.colcon_core.shell:Creating package script '/home/raju/igv/install/depthai_ros_msgs/share/depthai_ros_msgs/package.ps1'
[1.355s] INFO:colcon.colcon_core.shell:Creating package descriptor '/home/raju/igv/install/depthai_ros_msgs/share/depthai_ros_msgs/package.dsv'
[1.355s] INFO:colcon.colcon_core.shell:Creating package script '/home/raju/igv/install/depthai_ros_msgs/share/depthai_ros_msgs/package.sh'
[1.356s] INFO:colcon.colcon_core.shell:Creating package script '/home/raju/igv/install/depthai_ros_msgs/share/depthai_ros_msgs/package.bash'
[1.356s] INFO:colcon.colcon_core.shell:Creating package script '/home/raju/igv/install/depthai_ros_msgs/share/depthai_ros_msgs/package.zsh'
[1.356s] Level 1:colcon.colcon_core.environment:create_file_with_runtime_dependencies(/home/raju/igv/install/depthai_ros_msgs/share/colcon-core/packages/depthai_ros_msgs)
[1.357s] Level 1:colcon.colcon_core.environment:create_environment_scripts_only(depthai_ros_msgs)
[1.357s] Level 1:colcon.colcon_core.environment:checking '/home/raju/igv/install/depthai_ros_msgs' for CMake module files
[1.357s] Level 1:colcon.colcon_core.environment:checking '/home/raju/igv/install/depthai_ros_msgs' for CMake config files
[1.358s] Level 1:colcon.colcon_core.shell:create_environment_hook('depthai_ros_msgs', 'cmake_prefix_path')
[1.358s] INFO:colcon.colcon_core.shell:Creating environment hook '/home/raju/igv/install/depthai_ros_msgs/share/depthai_ros_msgs/hook/cmake_prefix_path.ps1'
[1.359s] INFO:colcon.colcon_core.shell:Creating environment descriptor '/home/raju/igv/install/depthai_ros_msgs/share/depthai_ros_msgs/hook/cmake_prefix_path.dsv'
[1.359s] INFO:colcon.colcon_core.shell:Creating environment hook '/home/raju/igv/install/depthai_ros_msgs/share/depthai_ros_msgs/hook/cmake_prefix_path.sh'
[1.360s] Level 1:colcon.colcon_core.environment:checking '/home/raju/igv/install/depthai_ros_msgs/lib'
[1.360s] Level 1:colcon.colcon_core.shell:create_environment_hook('depthai_ros_msgs', 'ld_library_path_lib')
[1.360s] INFO:colcon.colcon_core.shell:Creating environment hook '/home/raju/igv/install/depthai_ros_msgs/share/depthai_ros_msgs/hook/ld_library_path_lib.ps1'
[1.360s] INFO:colcon.colcon_core.shell:Creating environment descriptor '/home/raju/igv/install/depthai_ros_msgs/share/depthai_ros_msgs/hook/ld_library_path_lib.dsv'
[1.360s] INFO:colcon.colcon_core.shell:Creating environment hook '/home/raju/igv/install/depthai_ros_msgs/share/depthai_ros_msgs/hook/ld_library_path_lib.sh'
[1.361s] Level 1:colcon.colcon_core.environment:checking '/home/raju/igv/install/depthai_ros_msgs/bin'
[1.361s] Level 1:colcon.colcon_core.environment:checking '/home/raju/igv/install/depthai_ros_msgs/lib/pkgconfig/depthai_ros_msgs.pc'
[1.361s] Level 1:colcon.colcon_core.environment:checking '/home/raju/igv/install/depthai_ros_msgs/lib/python3.12/site-packages'
[1.361s] Level 1:colcon.colcon_core.shell:create_environment_hook('depthai_ros_msgs', 'pythonpath')
[1.361s] INFO:colcon.colcon_core.shell:Creating environment hook '/home/raju/igv/install/depthai_ros_msgs/share/depthai_ros_msgs/hook/pythonpath.ps1'
[1.362s] INFO:colcon.colcon_core.shell:Creating environment descriptor '/home/raju/igv/install/depthai_ros_msgs/share/depthai_ros_msgs/hook/pythonpath.dsv'
[1.362s] INFO:colcon.colcon_core.shell:Creating environment hook '/home/raju/igv/install/depthai_ros_msgs/share/depthai_ros_msgs/hook/pythonpath.sh'
[1.363s] Level 1:colcon.colcon_core.environment:checking '/home/raju/igv/install/depthai_ros_msgs/bin'
[1.363s] INFO:colcon.colcon_core.shell:Creating package script '/home/raju/igv/install/depthai_ros_msgs/share/depthai_ros_msgs/package.ps1'
[1.364s] INFO:colcon.colcon_core.shell:Creating package descriptor '/home/raju/igv/install/depthai_ros_msgs/share/depthai_ros_msgs/package.dsv'
[1.364s] INFO:colcon.colcon_core.shell:Creating package script '/home/raju/igv/install/depthai_ros_msgs/share/depthai_ros_msgs/package.sh'
[1.365s] INFO:colcon.colcon_core.shell:Creating package script '/home/raju/igv/install/depthai_ros_msgs/share/depthai_ros_msgs/package.bash'
[1.365s] INFO:colcon.colcon_core.shell:Creating package script '/home/raju/igv/install/depthai_ros_msgs/share/depthai_ros_msgs/package.zsh'
[1.365s] Level 1:colcon.colcon_core.environment:create_file_with_runtime_dependencies(/home/raju/igv/install/depthai_ros_msgs/share/colcon-core/packages/depthai_ros_msgs)
[1.366s] INFO:colcon.colcon_ros.task.ament_cmake.build:Building ROS package in '/home/raju/igv/src/depthai-ros/depthai_bridge' with build type 'ament_cmake'
[1.366s] INFO:colcon.colcon_cmake.task.cmake.build:Building CMake package in '/home/raju/igv/src/depthai-ros/depthai_bridge'
[1.366s] INFO:colcon.colcon_core.shell:Skip shell extension 'powershell' for command environment: Not usable outside of PowerShell
[1.366s] DEBUG:colcon.colcon_core.shell:Skip shell extension 'dsv' for command environment
[1.374s] INFO:colcon.colcon_ros.task.ament_cmake.build:Building ROS package in '/home/raju/igv/src/depthai-ros/depthai_filters' with build type 'ament_cmake'
[1.375s] INFO:colcon.colcon_cmake.task.cmake.build:Building CMake package in '/home/raju/igv/src/depthai-ros/depthai_filters'
[1.375s] INFO:colcon.colcon_core.shell:Skip shell extension 'powershell' for command environment: Not usable outside of PowerShell
[1.375s] DEBUG:colcon.colcon_core.shell:Skip shell extension 'dsv' for command environment
[1.386s] DEBUG:colcon.colcon_core.event_handler.log_command:Invoking command in '/home/raju/igv/build/depthai_bridge': CMAKE_PREFIX_PATH=/home/raju/igv/install/depthai_ros_msgs:/home/raju/microros_ws/install/micro_ros_setup:/home/raju/microros_ws/install/micro_ros_agent:/home/raju/microros_ws/install/micro_ros_msgs:/home/raju/microros_ws/install/drive_base_msgs:/home/raju/igv/install/ydlidar_sdk:/home/raju/igv/install/ydlidar_ros2_driver:/home/raju/igv/install/igv_description:/home/raju/igv/install/igv_bringup:/home/raju/igv/install/depthai-ros:/home/raju/igv/install/depthai_ros_driver:/home/raju/igv/install/depthai_filters:/home/raju/igv/install/depthai_bridge:/home/raju/igv/install/depthai_descriptions:/home/raju/hs_ws/install/hs_test_:/home/raju/igv_ws/install/ydlidar_ros2_driver:/home/raju/igv_ws/install/igv_description:/home/raju/igv_ws/install/igv_bringup:/opt/ros/jazzy/opt/gz_sim_vendor:/opt/ros/jazzy/opt/gz_sensors_vendor:/opt/ros/jazzy/opt/gz_physics_vendor:/opt/ros/jazzy/opt/sdformat_vendor:/opt/ros/jazzy/opt/gz_gui_vendor:/opt/ros/jazzy/opt/gz_transport_vendor:/opt/ros/jazzy/opt/gz_rendering_vendor:/opt/ros/jazzy/opt/gz_plugin_vendor:/opt/ros/jazzy/opt/gz_fuel_tools_vendor:/opt/ros/jazzy/opt/gz_msgs_vendor:/opt/ros/jazzy/opt/gz_common_vendor:/opt/ros/jazzy/opt/gz_math_vendor:/opt/ros/jazzy/opt/gz_utils_vendor:/opt/ros/jazzy/opt/gz_tools_vendor:/opt/ros/jazzy/opt/gz_ogre_next_vendor:/opt/ros/jazzy/opt/gz_dartsim_vendor:/opt/ros/jazzy/opt/gz_cmake_vendor:/home/raju/igv/install/igv:/home/raju/hs_ws/install/hs:/home/raju/igv_ws/install/igv:/opt/ros/jazzy DEBUGINFOD_URLS=https://debuginfod.ubuntu.com LD_LIBRARY_PATH=/home/raju/igv/install/depthai_ros_msgs/lib:/home/raju/microros_ws/install/micro_ros_agent/lib:/home/raju/microros_ws/install/micro_ros_msgs/lib:/home/raju/microros_ws/install/drive_base_msgs/lib:/home/raju/igv/install/depthai_ros_driver/lib:/home/raju/igv/install/depthai_filters/lib:/home/raju/igv/install/depthai_bridge/lib:/opt/ros/jazzy/opt/gz_sim_vendor/lib:/opt/ros/jazzy/opt/gz_sensors_vendor/lib:/opt/ros/jazzy/opt/gz_physics_vendor/lib:/opt/ros/jazzy/opt/sdformat_vendor/lib:/opt/ros/jazzy/opt/rviz_ogre_vendor/lib:/opt/ros/jazzy/lib/x86_64-linux-gnu:/opt/ros/jazzy/opt/gz_gui_vendor/lib:/opt/ros/jazzy/opt/gz_transport_vendor/lib:/opt/ros/jazzy/opt/gz_rendering_vendor/lib:/opt/ros/jazzy/opt/gz_plugin_vendor/lib:/opt/ros/jazzy/opt/gz_fuel_tools_vendor/lib:/opt/ros/jazzy/opt/gz_msgs_vendor/lib:/opt/ros/jazzy/opt/gz_common_vendor/lib:/opt/ros/jazzy/opt/gz_math_vendor/lib:/opt/ros/jazzy/opt/gz_utils_vendor/lib:/opt/ros/jazzy/opt/gz_tools_vendor/lib:/opt/ros/jazzy/opt/gz_ogre_next_vendor/lib:/opt/ros/jazzy/opt/gz_dartsim_vendor/lib:/opt/ros/jazzy/opt/gz_cmake_vendor/lib:/opt/ros/jazzy/lib PYTHONPATH=/home/raju/igv/install/depthai_ros_msgs/lib/python3.12/site-packages:/home/raju/microros_ws/install/micro_ros_msgs/lib/python3.12/site-packages:/home/raju/microros_ws/install/drive_base_msgs/lib/python3.12/site-packages:/home/raju/igv/install/igv/lib/python3.12/site-packages:/home/raju/igv/install/depthai_ros_driver/lib/python3.12/site-packages:/home/raju/hs_ws/install/hs/lib/python3.12/site-packages:/home/raju/igv_ws/install/igv/lib/python3.12/site-packages:/opt/ros/jazzy/lib/python3.12/site-packages /usr/bin/cmake --build /home/raju/igv/build/depthai_bridge -- -j12 -l12
[1.392s] DEBUG:colcon.colcon_core.event_handler.log_command:Invoking command in '/home/raju/igv/build/depthai_filters': CMAKE_PREFIX_PATH=/home/raju/igv/install/depthai_ros_msgs:/home/raju/microros_ws/install/micro_ros_setup:/home/raju/microros_ws/install/micro_ros_agent:/home/raju/microros_ws/install/micro_ros_msgs:/home/raju/microros_ws/install/drive_base_msgs:/home/raju/igv/install/ydlidar_sdk:/home/raju/igv/install/ydlidar_ros2_driver:/home/raju/igv/install/igv_description:/home/raju/igv/install/igv_bringup:/home/raju/igv/install/depthai-ros:/home/raju/igv/install/depthai_ros_driver:/home/raju/igv/install/depthai_filters:/home/raju/igv/install/depthai_bridge:/home/raju/igv/install/depthai_descriptions:/home/raju/hs_ws/install/hs_test_:/home/raju/igv_ws/install/ydlidar_ros2_driver:/home/raju/igv_ws/install/igv_description:/home/raju/igv_ws/install/igv_bringup:/opt/ros/jazzy/opt/gz_sim_vendor:/opt/ros/jazzy/opt/gz_sensors_vendor:/opt/ros/jazzy/opt/gz_physics_vendor:/opt/ros/jazzy/opt/sdformat_vendor:/opt/ros/jazzy/opt/gz_gui_vendor:/opt/ros/jazzy/opt/gz_transport_vendor:/opt/ros/jazzy/opt/gz_rendering_vendor:/opt/ros/jazzy/opt/gz_plugin_vendor:/opt/ros/jazzy/opt/gz_fuel_tools_vendor:/opt/ros/jazzy/opt/gz_msgs_vendor:/opt/ros/jazzy/opt/gz_common_vendor:/opt/ros/jazzy/opt/gz_math_vendor:/opt/ros/jazzy/opt/gz_utils_vendor:/opt/ros/jazzy/opt/gz_tools_vendor:/opt/ros/jazzy/opt/gz_ogre_next_vendor:/opt/ros/jazzy/opt/gz_dartsim_vendor:/opt/ros/jazzy/opt/gz_cmake_vendor:/home/raju/igv/install/igv:/home/raju/hs_ws/install/hs:/home/raju/igv_ws/install/igv:/opt/ros/jazzy DEBUGINFOD_URLS=https://debuginfod.ubuntu.com LD_LIBRARY_PATH=/home/raju/igv/install/depthai_ros_msgs/lib:/home/raju/microros_ws/install/micro_ros_agent/lib:/home/raju/microros_ws/install/micro_ros_msgs/lib:/home/raju/microros_ws/install/drive_base_msgs/lib:/home/raju/igv/install/depthai_ros_driver/lib:/home/raju/igv/install/depthai_filters/lib:/home/raju/igv/install/depthai_bridge/lib:/opt/ros/jazzy/opt/gz_sim_vendor/lib:/opt/ros/jazzy/opt/gz_sensors_vendor/lib:/opt/ros/jazzy/opt/gz_physics_vendor/lib:/opt/ros/jazzy/opt/sdformat_vendor/lib:/opt/ros/jazzy/opt/rviz_ogre_vendor/lib:/opt/ros/jazzy/lib/x86_64-linux-gnu:/opt/ros/jazzy/opt/gz_gui_vendor/lib:/opt/ros/jazzy/opt/gz_transport_vendor/lib:/opt/ros/jazzy/opt/gz_rendering_vendor/lib:/opt/ros/jazzy/opt/gz_plugin_vendor/lib:/opt/ros/jazzy/opt/gz_fuel_tools_vendor/lib:/opt/ros/jazzy/opt/gz_msgs_vendor/lib:/opt/ros/jazzy/opt/gz_common_vendor/lib:/opt/ros/jazzy/opt/gz_math_vendor/lib:/opt/ros/jazzy/opt/gz_utils_vendor/lib:/opt/ros/jazzy/opt/gz_tools_vendor/lib:/opt/ros/jazzy/opt/gz_ogre_next_vendor/lib:/opt/ros/jazzy/opt/gz_dartsim_vendor/lib:/opt/ros/jazzy/opt/gz_cmake_vendor/lib:/opt/ros/jazzy/lib PYTHONPATH=/home/raju/igv/install/depthai_ros_msgs/lib/python3.12/site-packages:/home/raju/microros_ws/install/micro_ros_msgs/lib/python3.12/site-packages:/home/raju/microros_ws/install/drive_base_msgs/lib/python3.12/site-packages:/home/raju/igv/install/igv/lib/python3.12/site-packages:/home/raju/igv/install/depthai_ros_driver/lib/python3.12/site-packages:/home/raju/hs_ws/install/hs/lib/python3.12/site-packages:/home/raju/igv_ws/install/igv/lib/python3.12/site-packages:/opt/ros/jazzy/lib/python3.12/site-packages /usr/bin/cmake --build /home/raju/igv/build/depthai_filters -- -j12 -l12
[1.505s] DEBUG:colcon.colcon_core.event_handler.log_command:Invoked command in '/home/raju/igv/build/igv_bringup' returned '0': CMAKE_PREFIX_PATH=${CMAKE_PREFIX_PATH}:/home/raju/igv/install/igv:/home/raju/hs_ws/install/hs:/home/raju/igv_ws/install/igv:/opt/ros/jazzy DEBUGINFOD_URLS=https://debuginfod.ubuntu.com /usr/bin/cmake /home/raju/igv/src/igv_bringup -DCMAKE_INSTALL_PREFIX=/home/raju/igv/install/igv_bringup
[1.507s] DEBUG:colcon.colcon_core.event_handler.log_command:Invoking command in '/home/raju/igv/build/igv_bringup': CMAKE_PREFIX_PATH=${CMAKE_PREFIX_PATH}:/home/raju/igv/install/igv:/home/raju/hs_ws/install/hs:/home/raju/igv_ws/install/igv:/opt/ros/jazzy DEBUGINFOD_URLS=https://debuginfod.ubuntu.com /usr/bin/cmake --build /home/raju/igv/build/igv_bringup -- -j12 -l12
[1.511s] DEBUG:colcon.colcon_core.event_handler.log_command:Invoked command in '/home/raju/igv/build/depthai_filters' returned '0': CMAKE_PREFIX_PATH=/home/raju/igv/install/depthai_ros_msgs:/home/raju/microros_ws/install/micro_ros_setup:/home/raju/microros_ws/install/micro_ros_agent:/home/raju/microros_ws/install/micro_ros_msgs:/home/raju/microros_ws/install/drive_base_msgs:/home/raju/igv/install/ydlidar_sdk:/home/raju/igv/install/ydlidar_ros2_driver:/home/raju/igv/install/igv_description:/home/raju/igv/install/igv_bringup:/home/raju/igv/install/depthai-ros:/home/raju/igv/install/depthai_ros_driver:/home/raju/igv/install/depthai_filters:/home/raju/igv/install/depthai_bridge:/home/raju/igv/install/depthai_descriptions:/home/raju/hs_ws/install/hs_test_:/home/raju/igv_ws/install/ydlidar_ros2_driver:/home/raju/igv_ws/install/igv_description:/home/raju/igv_ws/install/igv_bringup:/opt/ros/jazzy/opt/gz_sim_vendor:/opt/ros/jazzy/opt/gz_sensors_vendor:/opt/ros/jazzy/opt/gz_physics_vendor:/opt/ros/jazzy/opt/sdformat_vendor:/opt/ros/jazzy/opt/gz_gui_vendor:/opt/ros/jazzy/opt/gz_transport_vendor:/opt/ros/jazzy/opt/gz_rendering_vendor:/opt/ros/jazzy/opt/gz_plugin_vendor:/opt/ros/jazzy/opt/gz_fuel_tools_vendor:/opt/ros/jazzy/opt/gz_msgs_vendor:/opt/ros/jazzy/opt/gz_common_vendor:/opt/ros/jazzy/opt/gz_math_vendor:/opt/ros/jazzy/opt/gz_utils_vendor:/opt/ros/jazzy/opt/gz_tools_vendor:/opt/ros/jazzy/opt/gz_ogre_next_vendor:/opt/ros/jazzy/opt/gz_dartsim_vendor:/opt/ros/jazzy/opt/gz_cmake_vendor:/home/raju/igv/install/igv:/home/raju/hs_ws/install/hs:/home/raju/igv_ws/install/igv:/opt/ros/jazzy DEBUGINFOD_URLS=https://debuginfod.ubuntu.com LD_LIBRARY_PATH=/home/raju/igv/install/depthai_ros_msgs/lib:/home/raju/microros_ws/install/micro_ros_agent/lib:/home/raju/microros_ws/install/micro_ros_msgs/lib:/home/raju/microros_ws/install/drive_base_msgs/lib:/home/raju/igv/install/depthai_ros_driver/lib:/home/raju/igv/install/depthai_filters/lib:/home/raju/igv/install/depthai_bridge/lib:/opt/ros/jazzy/opt/gz_sim_vendor/lib:/opt/ros/jazzy/opt/gz_sensors_vendor/lib:/opt/ros/jazzy/opt/gz_physics_vendor/lib:/opt/ros/jazzy/opt/sdformat_vendor/lib:/opt/ros/jazzy/opt/rviz_ogre_vendor/lib:/opt/ros/jazzy/lib/x86_64-linux-gnu:/opt/ros/jazzy/opt/gz_gui_vendor/lib:/opt/ros/jazzy/opt/gz_transport_vendor/lib:/opt/ros/jazzy/opt/gz_rendering_vendor/lib:/opt/ros/jazzy/opt/gz_plugin_vendor/lib:/opt/ros/jazzy/opt/gz_fuel_tools_vendor/lib:/opt/ros/jazzy/opt/gz_msgs_vendor/lib:/opt/ros/jazzy/opt/gz_common_vendor/lib:/opt/ros/jazzy/opt/gz_math_vendor/lib:/opt/ros/jazzy/opt/gz_utils_vendor/lib:/opt/ros/jazzy/opt/gz_tools_vendor/lib:/opt/ros/jazzy/opt/gz_ogre_next_vendor/lib:/opt/ros/jazzy/opt/gz_dartsim_vendor/lib:/opt/ros/jazzy/opt/gz_cmake_vendor/lib:/opt/ros/jazzy/lib PYTHONPATH=/home/raju/igv/install/depthai_ros_msgs/lib/python3.12/site-packages:/home/raju/microros_ws/install/micro_ros_msgs/lib/python3.12/site-packages:/home/raju/microros_ws/install/drive_base_msgs/lib/python3.12/site-packages:/home/raju/igv/install/igv/lib/python3.12/site-packages:/home/raju/igv/install/depthai_ros_driver/lib/python3.12/site-packages:/home/raju/hs_ws/install/hs/lib/python3.12/site-packages:/home/raju/igv_ws/install/igv/lib/python3.12/site-packages:/opt/ros/jazzy/lib/python3.12/site-packages /usr/bin/cmake --build /home/raju/igv/build/depthai_filters -- -j12 -l12
[1.513s] DEBUG:colcon.colcon_core.event_handler.log_command:Invoking command in '/home/raju/igv/build/depthai_filters': CMAKE_PREFIX_PATH=/home/raju/igv/install/depthai_ros_msgs:/home/raju/microros_ws/install/micro_ros_setup:/home/raju/microros_ws/install/micro_ros_agent:/home/raju/microros_ws/install/micro_ros_msgs:/home/raju/microros_ws/install/drive_base_msgs:/home/raju/igv/install/ydlidar_sdk:/home/raju/igv/install/ydlidar_ros2_driver:/home/raju/igv/install/igv_description:/home/raju/igv/install/igv_bringup:/home/raju/igv/install/depthai-ros:/home/raju/igv/install/depthai_ros_driver:/home/raju/igv/install/depthai_filters:/home/raju/igv/install/depthai_bridge:/home/raju/igv/install/depthai_descriptions:/home/raju/hs_ws/install/hs_test_:/home/raju/igv_ws/install/ydlidar_ros2_driver:/home/raju/igv_ws/install/igv_description:/home/raju/igv_ws/install/igv_bringup:/opt/ros/jazzy/opt/gz_sim_vendor:/opt/ros/jazzy/opt/gz_sensors_vendor:/opt/ros/jazzy/opt/gz_physics_vendor:/opt/ros/jazzy/opt/sdformat_vendor:/opt/ros/jazzy/opt/gz_gui_vendor:/opt/ros/jazzy/opt/gz_transport_vendor:/opt/ros/jazzy/opt/gz_rendering_vendor:/opt/ros/jazzy/opt/gz_plugin_vendor:/opt/ros/jazzy/opt/gz_fuel_tools_vendor:/opt/ros/jazzy/opt/gz_msgs_vendor:/opt/ros/jazzy/opt/gz_common_vendor:/opt/ros/jazzy/opt/gz_math_vendor:/opt/ros/jazzy/opt/gz_utils_vendor:/opt/ros/jazzy/opt/gz_tools_vendor:/opt/ros/jazzy/opt/gz_ogre_next_vendor:/opt/ros/jazzy/opt/gz_dartsim_vendor:/opt/ros/jazzy/opt/gz_cmake_vendor:/home/raju/igv/install/igv:/home/raju/hs_ws/install/hs:/home/raju/igv_ws/install/igv:/opt/ros/jazzy DEBUGINFOD_URLS=https://debuginfod.ubuntu.com LD_LIBRARY_PATH=/home/raju/igv/install/depthai_ros_msgs/lib:/home/raju/microros_ws/install/micro_ros_agent/lib:/home/raju/microros_ws/install/micro_ros_msgs/lib:/home/raju/microros_ws/install/drive_base_msgs/lib:/home/raju/igv/install/depthai_ros_driver/lib:/home/raju/igv/install/depthai_filters/lib:/home/raju/igv/install/depthai_bridge/lib:/opt/ros/jazzy/opt/gz_sim_vendor/lib:/opt/ros/jazzy/opt/gz_sensors_vendor/lib:/opt/ros/jazzy/opt/gz_physics_vendor/lib:/opt/ros/jazzy/opt/sdformat_vendor/lib:/opt/ros/jazzy/opt/rviz_ogre_vendor/lib:/opt/ros/jazzy/lib/x86_64-linux-gnu:/opt/ros/jazzy/opt/gz_gui_vendor/lib:/opt/ros/jazzy/opt/gz_transport_vendor/lib:/opt/ros/jazzy/opt/gz_rendering_vendor/lib:/opt/ros/jazzy/opt/gz_plugin_vendor/lib:/opt/ros/jazzy/opt/gz_fuel_tools_vendor/lib:/opt/ros/jazzy/opt/gz_msgs_vendor/lib:/opt/ros/jazzy/opt/gz_common_vendor/lib:/opt/ros/jazzy/opt/gz_math_vendor/lib:/opt/ros/jazzy/opt/gz_utils_vendor/lib:/opt/ros/jazzy/opt/gz_tools_vendor/lib:/opt/ros/jazzy/opt/gz_ogre_next_vendor/lib:/opt/ros/jazzy/opt/gz_dartsim_vendor/lib:/opt/ros/jazzy/opt/gz_cmake_vendor/lib:/opt/ros/jazzy/lib PYTHONPATH=/home/raju/igv/install/depthai_ros_msgs/lib/python3.12/site-packages:/home/raju/microros_ws/install/micro_ros_msgs/lib/python3.12/site-packages:/home/raju/microros_ws/install/drive_base_msgs/lib/python3.12/site-packages:/home/raju/igv/install/igv/lib/python3.12/site-packages:/home/raju/igv/install/depthai_ros_driver/lib/python3.12/site-packages:/home/raju/hs_ws/install/hs/lib/python3.12/site-packages:/home/raju/igv_ws/install/igv/lib/python3.12/site-packages:/opt/ros/jazzy/lib/python3.12/site-packages /usr/bin/cmake --install /home/raju/igv/build/depthai_filters
[1.520s] DEBUG:colcon.colcon_core.event_handler.log_command:Invoked command in '/home/raju/igv/build/depthai_bridge' returned '0': CMAKE_PREFIX_PATH=/home/raju/igv/install/depthai_ros_msgs:/home/raju/microros_ws/install/micro_ros_setup:/home/raju/microros_ws/install/micro_ros_agent:/home/raju/microros_ws/install/micro_ros_msgs:/home/raju/microros_ws/install/drive_base_msgs:/home/raju/igv/install/ydlidar_sdk:/home/raju/igv/install/ydlidar_ros2_driver:/home/raju/igv/install/igv_description:/home/raju/igv/install/igv_bringup:/home/raju/igv/install/depthai-ros:/home/raju/igv/install/depthai_ros_driver:/home/raju/igv/install/depthai_filters:/home/raju/igv/install/depthai_bridge:/home/raju/igv/install/depthai_descriptions:/home/raju/hs_ws/install/hs_test_:/home/raju/igv_ws/install/ydlidar_ros2_driver:/home/raju/igv_ws/install/igv_description:/home/raju/igv_ws/install/igv_bringup:/opt/ros/jazzy/opt/gz_sim_vendor:/opt/ros/jazzy/opt/gz_sensors_vendor:/opt/ros/jazzy/opt/gz_physics_vendor:/opt/ros/jazzy/opt/sdformat_vendor:/opt/ros/jazzy/opt/gz_gui_vendor:/opt/ros/jazzy/opt/gz_transport_vendor:/opt/ros/jazzy/opt/gz_rendering_vendor:/opt/ros/jazzy/opt/gz_plugin_vendor:/opt/ros/jazzy/opt/gz_fuel_tools_vendor:/opt/ros/jazzy/opt/gz_msgs_vendor:/opt/ros/jazzy/opt/gz_common_vendor:/opt/ros/jazzy/opt/gz_math_vendor:/opt/ros/jazzy/opt/gz_utils_vendor:/opt/ros/jazzy/opt/gz_tools_vendor:/opt/ros/jazzy/opt/gz_ogre_next_vendor:/opt/ros/jazzy/opt/gz_dartsim_vendor:/opt/ros/jazzy/opt/gz_cmake_vendor:/home/raju/igv/install/igv:/home/raju/hs_ws/install/hs:/home/raju/igv_ws/install/igv:/opt/ros/jazzy DEBUGINFOD_URLS=https://debuginfod.ubuntu.com LD_LIBRARY_PATH=/home/raju/igv/install/depthai_ros_msgs/lib:/home/raju/microros_ws/install/micro_ros_agent/lib:/home/raju/microros_ws/install/micro_ros_msgs/lib:/home/raju/microros_ws/install/drive_base_msgs/lib:/home/raju/igv/install/depthai_ros_driver/lib:/home/raju/igv/install/depthai_filters/lib:/home/raju/igv/install/depthai_bridge/lib:/opt/ros/jazzy/opt/gz_sim_vendor/lib:/opt/ros/jazzy/opt/gz_sensors_vendor/lib:/opt/ros/jazzy/opt/gz_physics_vendor/lib:/opt/ros/jazzy/opt/sdformat_vendor/lib:/opt/ros/jazzy/opt/rviz_ogre_vendor/lib:/opt/ros/jazzy/lib/x86_64-linux-gnu:/opt/ros/jazzy/opt/gz_gui_vendor/lib:/opt/ros/jazzy/opt/gz_transport_vendor/lib:/opt/ros/jazzy/opt/gz_rendering_vendor/lib:/opt/ros/jazzy/opt/gz_plugin_vendor/lib:/opt/ros/jazzy/opt/gz_fuel_tools_vendor/lib:/opt/ros/jazzy/opt/gz_msgs_vendor/lib:/opt/ros/jazzy/opt/gz_common_vendor/lib:/opt/ros/jazzy/opt/gz_math_vendor/lib:/opt/ros/jazzy/opt/gz_utils_vendor/lib:/opt/ros/jazzy/opt/gz_tools_vendor/lib:/opt/ros/jazzy/opt/gz_ogre_next_vendor/lib:/opt/ros/jazzy/opt/gz_dartsim_vendor/lib:/opt/ros/jazzy/opt/gz_cmake_vendor/lib:/opt/ros/jazzy/lib PYTHONPATH=/home/raju/igv/install/depthai_ros_msgs/lib/python3.12/site-packages:/home/raju/microros_ws/install/micro_ros_msgs/lib/python3.12/site-packages:/home/raju/microros_ws/install/drive_base_msgs/lib/python3.12/site-packages:/home/raju/igv/install/igv/lib/python3.12/site-packages:/home/raju/igv/install/depthai_ros_driver/lib/python3.12/site-packages:/home/raju/hs_ws/install/hs/lib/python3.12/site-packages:/home/raju/igv_ws/install/igv/lib/python3.12/site-packages:/opt/ros/jazzy/lib/python3.12/site-packages /usr/bin/cmake --build /home/raju/igv/build/depthai_bridge -- -j12 -l12
[1.523s] DEBUG:colcon.colcon_core.event_handler.log_command:Invoking command in '/home/raju/igv/build/depthai_bridge': CMAKE_PREFIX_PATH=/home/raju/igv/install/depthai_ros_msgs:/home/raju/microros_ws/install/micro_ros_setup:/home/raju/microros_ws/install/micro_ros_agent:/home/raju/microros_ws/install/micro_ros_msgs:/home/raju/microros_ws/install/drive_base_msgs:/home/raju/igv/install/ydlidar_sdk:/home/raju/igv/install/ydlidar_ros2_driver:/home/raju/igv/install/igv_description:/home/raju/igv/install/igv_bringup:/home/raju/igv/install/depthai-ros:/home/raju/igv/install/depthai_ros_driver:/home/raju/igv/install/depthai_filters:/home/raju/igv/install/depthai_bridge:/home/raju/igv/install/depthai_descriptions:/home/raju/hs_ws/install/hs_test_:/home/raju/igv_ws/install/ydlidar_ros2_driver:/home/raju/igv_ws/install/igv_description:/home/raju/igv_ws/install/igv_bringup:/opt/ros/jazzy/opt/gz_sim_vendor:/opt/ros/jazzy/opt/gz_sensors_vendor:/opt/ros/jazzy/opt/gz_physics_vendor:/opt/ros/jazzy/opt/sdformat_vendor:/opt/ros/jazzy/opt/gz_gui_vendor:/opt/ros/jazzy/opt/gz_transport_vendor:/opt/ros/jazzy/opt/gz_rendering_vendor:/opt/ros/jazzy/opt/gz_plugin_vendor:/opt/ros/jazzy/opt/gz_fuel_tools_vendor:/opt/ros/jazzy/opt/gz_msgs_vendor:/opt/ros/jazzy/opt/gz_common_vendor:/opt/ros/jazzy/opt/gz_math_vendor:/opt/ros/jazzy/opt/gz_utils_vendor:/opt/ros/jazzy/opt/gz_tools_vendor:/opt/ros/jazzy/opt/gz_ogre_next_vendor:/opt/ros/jazzy/opt/gz_dartsim_vendor:/opt/ros/jazzy/opt/gz_cmake_vendor:/home/raju/igv/install/igv:/home/raju/hs_ws/install/hs:/home/raju/igv_ws/install/igv:/opt/ros/jazzy DEBUGINFOD_URLS=https://debuginfod.ubuntu.com LD_LIBRARY_PATH=/home/raju/igv/install/depthai_ros_msgs/lib:/home/raju/microros_ws/install/micro_ros_agent/lib:/home/raju/microros_ws/install/micro_ros_msgs/lib:/home/raju/microros_ws/install/drive_base_msgs/lib:/home/raju/igv/install/depthai_ros_driver/lib:/home/raju/igv/install/depthai_filters/lib:/home/raju/igv/install/depthai_bridge/lib:/opt/ros/jazzy/opt/gz_sim_vendor/lib:/opt/ros/jazzy/opt/gz_sensors_vendor/lib:/opt/ros/jazzy/opt/gz_physics_vendor/lib:/opt/ros/jazzy/opt/sdformat_vendor/lib:/opt/ros/jazzy/opt/rviz_ogre_vendor/lib:/opt/ros/jazzy/lib/x86_64-linux-gnu:/opt/ros/jazzy/opt/gz_gui_vendor/lib:/opt/ros/jazzy/opt/gz_transport_vendor/lib:/opt/ros/jazzy/opt/gz_rendering_vendor/lib:/opt/ros/jazzy/opt/gz_plugin_vendor/lib:/opt/ros/jazzy/opt/gz_fuel_tools_vendor/lib:/opt/ros/jazzy/opt/gz_msgs_vendor/lib:/opt/ros/jazzy/opt/gz_common_vendor/lib:/opt/ros/jazzy/opt/gz_math_vendor/lib:/opt/ros/jazzy/opt/gz_utils_vendor/lib:/opt/ros/jazzy/opt/gz_tools_vendor/lib:/opt/ros/jazzy/opt/gz_ogre_next_vendor/lib:/opt/ros/jazzy/opt/gz_dartsim_vendor/lib:/opt/ros/jazzy/opt/gz_cmake_vendor/lib:/opt/ros/jazzy/lib PYTHONPATH=/home/raju/igv/install/depthai_ros_msgs/lib/python3.12/site-packages:/home/raju/microros_ws/install/micro_ros_msgs/lib/python3.12/site-packages:/home/raju/microros_ws/install/drive_base_msgs/lib/python3.12/site-packages:/home/raju/igv/install/igv/lib/python3.12/site-packages:/home/raju/igv/install/depthai_ros_driver/lib/python3.12/site-packages:/home/raju/hs_ws/install/hs/lib/python3.12/site-packages:/home/raju/igv_ws/install/igv/lib/python3.12/site-packages:/opt/ros/jazzy/lib/python3.12/site-packages /usr/bin/cmake --install /home/raju/igv/build/depthai_bridge
[1.529s] Level 1:colcon.colcon_core.environment:create_environment_scripts_only(depthai_filters)
[1.530s] Level 1:colcon.colcon_core.environment:checking '/home/raju/igv/install/depthai_filters' for CMake module files
[1.530s] DEBUG:colcon.colcon_core.event_handler.log_command:Invoked command in '/home/raju/igv/build/depthai_filters' returned '0': CMAKE_PREFIX_PATH=/home/raju/igv/install/depthai_ros_msgs:/home/raju/microros_ws/install/micro_ros_setup:/home/raju/microros_ws/install/micro_ros_agent:/home/raju/microros_ws/install/micro_ros_msgs:/home/raju/microros_ws/install/drive_base_msgs:/home/raju/igv/install/ydlidar_sdk:/home/raju/igv/install/ydlidar_ros2_driver:/home/raju/igv/install/igv_description:/home/raju/igv/install/igv_bringup:/home/raju/igv/install/depthai-ros:/home/raju/igv/install/depthai_ros_driver:/home/raju/igv/install/depthai_filters:/home/raju/igv/install/depthai_bridge:/home/raju/igv/install/depthai_descriptions:/home/raju/hs_ws/install/hs_test_:/home/raju/igv_ws/install/ydlidar_ros2_driver:/home/raju/igv_ws/install/igv_description:/home/raju/igv_ws/install/igv_bringup:/opt/ros/jazzy/opt/gz_sim_vendor:/opt/ros/jazzy/opt/gz_sensors_vendor:/opt/ros/jazzy/opt/gz_physics_vendor:/opt/ros/jazzy/opt/sdformat_vendor:/opt/ros/jazzy/opt/gz_gui_vendor:/opt/ros/jazzy/opt/gz_transport_vendor:/opt/ros/jazzy/opt/gz_rendering_vendor:/opt/ros/jazzy/opt/gz_plugin_vendor:/opt/ros/jazzy/opt/gz_fuel_tools_vendor:/opt/ros/jazzy/opt/gz_msgs_vendor:/opt/ros/jazzy/opt/gz_common_vendor:/opt/ros/jazzy/opt/gz_math_vendor:/opt/ros/jazzy/opt/gz_utils_vendor:/opt/ros/jazzy/opt/gz_tools_vendor:/opt/ros/jazzy/opt/gz_ogre_next_vendor:/opt/ros/jazzy/opt/gz_dartsim_vendor:/opt/ros/jazzy/opt/gz_cmake_vendor:/home/raju/igv/install/igv:/home/raju/hs_ws/install/hs:/home/raju/igv_ws/install/igv:/opt/ros/jazzy DEBUGINFOD_URLS=https://debuginfod.ubuntu.com LD_LIBRARY_PATH=/home/raju/igv/install/depthai_ros_msgs/lib:/home/raju/microros_ws/install/micro_ros_agent/lib:/home/raju/microros_ws/install/micro_ros_msgs/lib:/home/raju/microros_ws/install/drive_base_msgs/lib:/home/raju/igv/install/depthai_ros_driver/lib:/home/raju/igv/install/depthai_filters/lib:/home/raju/igv/install/depthai_bridge/lib:/opt/ros/jazzy/opt/gz_sim_vendor/lib:/opt/ros/jazzy/opt/gz_sensors_vendor/lib:/opt/ros/jazzy/opt/gz_physics_vendor/lib:/opt/ros/jazzy/opt/sdformat_vendor/lib:/opt/ros/jazzy/opt/rviz_ogre_vendor/lib:/opt/ros/jazzy/lib/x86_64-linux-gnu:/opt/ros/jazzy/opt/gz_gui_vendor/lib:/opt/ros/jazzy/opt/gz_transport_vendor/lib:/opt/ros/jazzy/opt/gz_rendering_vendor/lib:/opt/ros/jazzy/opt/gz_plugin_vendor/lib:/opt/ros/jazzy/opt/gz_fuel_tools_vendor/lib:/opt/ros/jazzy/opt/gz_msgs_vendor/lib:/opt/ros/jazzy/opt/gz_common_vendor/lib:/opt/ros/jazzy/opt/gz_math_vendor/lib:/opt/ros/jazzy/opt/gz_utils_vendor/lib:/opt/ros/jazzy/opt/gz_tools_vendor/lib:/opt/ros/jazzy/opt/gz_ogre_next_vendor/lib:/opt/ros/jazzy/opt/gz_dartsim_vendor/lib:/opt/ros/jazzy/opt/gz_cmake_vendor/lib:/opt/ros/jazzy/lib PYTHONPATH=/home/raju/igv/install/depthai_ros_msgs/lib/python3.12/site-packages:/home/raju/microros_ws/install/micro_ros_msgs/lib/python3.12/site-packages:/home/raju/microros_ws/install/drive_base_msgs/lib/python3.12/site-packages:/home/raju/igv/install/igv/lib/python3.12/site-packages:/home/raju/igv/install/depthai_ros_driver/lib/python3.12/site-packages:/home/raju/hs_ws/install/hs/lib/python3.12/site-packages:/home/raju/igv_ws/install/igv/lib/python3.12/site-packages:/opt/ros/jazzy/lib/python3.12/site-packages /usr/bin/cmake --install /home/raju/igv/build/depthai_filters
[1.531s] Level 1:colcon.colcon_core.environment:checking '/home/raju/igv/install/depthai_filters' for CMake config files
[1.531s] Level 1:colcon.colcon_core.shell:create_environment_hook('depthai_filters', 'cmake_prefix_path')
[1.531s] INFO:colcon.colcon_core.shell:Creating environment hook '/home/raju/igv/install/depthai_filters/share/depthai_filters/hook/cmake_prefix_path.ps1'
[1.532s] INFO:colcon.colcon_core.shell:Creating environment descriptor '/home/raju/igv/install/depthai_filters/share/depthai_filters/hook/cmake_prefix_path.dsv'
[1.533s] INFO:colcon.colcon_core.shell:Creating environment hook '/home/raju/igv/install/depthai_filters/share/depthai_filters/hook/cmake_prefix_path.sh'
[1.537s] Level 1:colcon.colcon_core.environment:checking '/home/raju/igv/install/depthai_filters/lib'
[1.538s] Level 1:colcon.colcon_core.shell:create_environment_hook('depthai_filters', 'ld_library_path_lib')
[1.539s] INFO:colcon.colcon_core.shell:Creating environment hook '/home/raju/igv/install/depthai_filters/share/depthai_filters/hook/ld_library_path_lib.ps1'
[1.541s] INFO:colcon.colcon_core.shell:Creating environment descriptor '/home/raju/igv/install/depthai_filters/share/depthai_filters/hook/ld_library_path_lib.dsv'
[1.542s] INFO:colcon.colcon_core.shell:Creating environment hook '/home/raju/igv/install/depthai_filters/share/depthai_filters/hook/ld_library_path_lib.sh'
[1.542s] Level 1:colcon.colcon_core.environment:checking '/home/raju/igv/install/depthai_filters/bin'
[1.542s] Level 1:colcon.colcon_core.environment:checking '/home/raju/igv/install/depthai_filters/lib/pkgconfig/depthai_filters.pc'
[1.543s] Level 1:colcon.colcon_core.environment:checking '/home/raju/igv/install/depthai_filters/lib/python3.12/site-packages'
[1.543s] Level 1:colcon.colcon_core.environment:checking '/home/raju/igv/install/depthai_filters/bin'
[1.543s] INFO:colcon.colcon_core.shell:Creating package script '/home/raju/igv/install/depthai_filters/share/depthai_filters/package.ps1'
[1.544s] INFO:colcon.colcon_core.shell:Creating package descriptor '/home/raju/igv/install/depthai_filters/share/depthai_filters/package.dsv'
[1.544s] INFO:colcon.colcon_core.shell:Creating package script '/home/raju/igv/install/depthai_filters/share/depthai_filters/package.sh'
[1.545s] INFO:colcon.colcon_core.shell:Creating package script '/home/raju/igv/install/depthai_filters/share/depthai_filters/package.bash'
[1.545s] INFO:colcon.colcon_core.shell:Creating package script '/home/raju/igv/install/depthai_filters/share/depthai_filters/package.zsh'
[1.545s] Level 1:colcon.colcon_core.environment:create_file_with_runtime_dependencies(/home/raju/igv/install/depthai_filters/share/colcon-core/packages/depthai_filters)
[1.546s] Level 1:colcon.colcon_core.environment:create_environment_scripts_only(depthai_filters)
[1.546s] Level 1:colcon.colcon_core.environment:checking '/home/raju/igv/install/depthai_filters' for CMake module files
[1.546s] Level 1:colcon.colcon_core.environment:checking '/home/raju/igv/install/depthai_filters' for CMake config files
[1.547s] Level 1:colcon.colcon_core.shell:create_environment_hook('depthai_filters', 'cmake_prefix_path')
[1.547s] INFO:colcon.colcon_core.shell:Creating environment hook '/home/raju/igv/install/depthai_filters/share/depthai_filters/hook/cmake_prefix_path.ps1'
[1.547s] INFO:colcon.colcon_core.shell:Creating environment descriptor '/home/raju/igv/install/depthai_filters/share/depthai_filters/hook/cmake_prefix_path.dsv'
[1.548s] INFO:colcon.colcon_core.shell:Creating environment hook '/home/raju/igv/install/depthai_filters/share/depthai_filters/hook/cmake_prefix_path.sh'
[1.548s] Level 1:colcon.colcon_core.environment:checking '/home/raju/igv/install/depthai_filters/lib'
[1.548s] Level 1:colcon.colcon_core.shell:create_environment_hook('depthai_filters', 'ld_library_path_lib')
[1.548s] INFO:colcon.colcon_core.shell:Creating environment hook '/home/raju/igv/install/depthai_filters/share/depthai_filters/hook/ld_library_path_lib.ps1'
[1.549s] INFO:colcon.colcon_core.shell:Creating environment descriptor '/home/raju/igv/install/depthai_filters/share/depthai_filters/hook/ld_library_path_lib.dsv'
[1.549s] INFO:colcon.colcon_core.shell:Creating environment hook '/home/raju/igv/install/depthai_filters/share/depthai_filters/hook/ld_library_path_lib.sh'
[1.549s] Level 1:colcon.colcon_core.environment:checking '/home/raju/igv/install/depthai_filters/bin'
[1.550s] Level 1:colcon.colcon_core.environment:checking '/home/raju/igv/install/depthai_filters/lib/pkgconfig/depthai_filters.pc'
[1.550s] Level 1:colcon.colcon_core.environment:checking '/home/raju/igv/install/depthai_filters/lib/python3.12/site-packages'
[1.550s] Level 1:colcon.colcon_core.environment:checking '/home/raju/igv/install/depthai_filters/bin'
[1.550s] INFO:colcon.colcon_core.shell:Creating package script '/home/raju/igv/install/depthai_filters/share/depthai_filters/package.ps1'
[1.551s] INFO:colcon.colcon_core.shell:Creating package descriptor '/home/raju/igv/install/depthai_filters/share/depthai_filters/package.dsv'
[1.552s] INFO:colcon.colcon_core.shell:Creating package script '/home/raju/igv/install/depthai_filters/share/depthai_filters/package.sh'
[1.552s] INFO:colcon.colcon_core.shell:Creating package script '/home/raju/igv/install/depthai_filters/share/depthai_filters/package.bash'
[1.553s] INFO:colcon.colcon_core.shell:Creating package script '/home/raju/igv/install/depthai_filters/share/depthai_filters/package.zsh'
[1.553s] Level 1:colcon.colcon_core.environment:create_file_with_runtime_dependencies(/home/raju/igv/install/depthai_filters/share/colcon-core/packages/depthai_filters)
[1.555s] Level 1:colcon.colcon_core.environment:create_environment_scripts_only(depthai_bridge)
[1.556s] Level 1:colcon.colcon_core.environment:checking '/home/raju/igv/install/depthai_bridge' for CMake module files
[1.556s] DEBUG:colcon.colcon_core.event_handler.log_command:Invoked command in '/home/raju/igv/build/depthai_bridge' returned '0': CMAKE_PREFIX_PATH=/home/raju/igv/install/depthai_ros_msgs:/home/raju/microros_ws/install/micro_ros_setup:/home/raju/microros_ws/install/micro_ros_agent:/home/raju/microros_ws/install/micro_ros_msgs:/home/raju/microros_ws/install/drive_base_msgs:/home/raju/igv/install/ydlidar_sdk:/home/raju/igv/install/ydlidar_ros2_driver:/home/raju/igv/install/igv_description:/home/raju/igv/install/igv_bringup:/home/raju/igv/install/depthai-ros:/home/raju/igv/install/depthai_ros_driver:/home/raju/igv/install/depthai_filters:/home/raju/igv/install/depthai_bridge:/home/raju/igv/install/depthai_descriptions:/home/raju/hs_ws/install/hs_test_:/home/raju/igv_ws/install/ydlidar_ros2_driver:/home/raju/igv_ws/install/igv_description:/home/raju/igv_ws/install/igv_bringup:/opt/ros/jazzy/opt/gz_sim_vendor:/opt/ros/jazzy/opt/gz_sensors_vendor:/opt/ros/jazzy/opt/gz_physics_vendor:/opt/ros/jazzy/opt/sdformat_vendor:/opt/ros/jazzy/opt/gz_gui_vendor:/opt/ros/jazzy/opt/gz_transport_vendor:/opt/ros/jazzy/opt/gz_rendering_vendor:/opt/ros/jazzy/opt/gz_plugin_vendor:/opt/ros/jazzy/opt/gz_fuel_tools_vendor:/opt/ros/jazzy/opt/gz_msgs_vendor:/opt/ros/jazzy/opt/gz_common_vendor:/opt/ros/jazzy/opt/gz_math_vendor:/opt/ros/jazzy/opt/gz_utils_vendor:/opt/ros/jazzy/opt/gz_tools_vendor:/opt/ros/jazzy/opt/gz_ogre_next_vendor:/opt/ros/jazzy/opt/gz_dartsim_vendor:/opt/ros/jazzy/opt/gz_cmake_vendor:/home/raju/igv/install/igv:/home/raju/hs_ws/install/hs:/home/raju/igv_ws/install/igv:/opt/ros/jazzy DEBUGINFOD_URLS=https://debuginfod.ubuntu.com LD_LIBRARY_PATH=/home/raju/igv/install/depthai_ros_msgs/lib:/home/raju/microros_ws/install/micro_ros_agent/lib:/home/raju/microros_ws/install/micro_ros_msgs/lib:/home/raju/microros_ws/install/drive_base_msgs/lib:/home/raju/igv/install/depthai_ros_driver/lib:/home/raju/igv/install/depthai_filters/lib:/home/raju/igv/install/depthai_bridge/lib:/opt/ros/jazzy/opt/gz_sim_vendor/lib:/opt/ros/jazzy/opt/gz_sensors_vendor/lib:/opt/ros/jazzy/opt/gz_physics_vendor/lib:/opt/ros/jazzy/opt/sdformat_vendor/lib:/opt/ros/jazzy/opt/rviz_ogre_vendor/lib:/opt/ros/jazzy/lib/x86_64-linux-gnu:/opt/ros/jazzy/opt/gz_gui_vendor/lib:/opt/ros/jazzy/opt/gz_transport_vendor/lib:/opt/ros/jazzy/opt/gz_rendering_vendor/lib:/opt/ros/jazzy/opt/gz_plugin_vendor/lib:/opt/ros/jazzy/opt/gz_fuel_tools_vendor/lib:/opt/ros/jazzy/opt/gz_msgs_vendor/lib:/opt/ros/jazzy/opt/gz_common_vendor/lib:/opt/ros/jazzy/opt/gz_math_vendor/lib:/opt/ros/jazzy/opt/gz_utils_vendor/lib:/opt/ros/jazzy/opt/gz_tools_vendor/lib:/opt/ros/jazzy/opt/gz_ogre_next_vendor/lib:/opt/ros/jazzy/opt/gz_dartsim_vendor/lib:/opt/ros/jazzy/opt/gz_cmake_vendor/lib:/opt/ros/jazzy/lib PYTHONPATH=/home/raju/igv/install/depthai_ros_msgs/lib/python3.12/site-packages:/home/raju/microros_ws/install/micro_ros_msgs/lib/python3.12/site-packages:/home/raju/microros_ws/install/drive_base_msgs/lib/python3.12/site-packages:/home/raju/igv/install/igv/lib/python3.12/site-packages:/home/raju/igv/install/depthai_ros_driver/lib/python3.12/site-packages:/home/raju/hs_ws/install/hs/lib/python3.12/site-packages:/home/raju/igv_ws/install/igv/lib/python3.12/site-packages:/opt/ros/jazzy/lib/python3.12/site-packages /usr/bin/cmake --install /home/raju/igv/build/depthai_bridge
[1.557s] Level 1:colcon.colcon_core.environment:checking '/home/raju/igv/install/depthai_bridge' for CMake config files
[1.558s] Level 1:colcon.colcon_core.shell:create_environment_hook('depthai_bridge', 'cmake_prefix_path')
[1.558s] INFO:colcon.colcon_core.shell:Creating environment hook '/home/raju/igv/install/depthai_bridge/share/depthai_bridge/hook/cmake_prefix_path.ps1'
[1.559s] INFO:colcon.colcon_core.shell:Creating environment descriptor '/home/raju/igv/install/depthai_bridge/share/depthai_bridge/hook/cmake_prefix_path.dsv'
[1.559s] INFO:colcon.colcon_core.shell:Creating environment hook '/home/raju/igv/install/depthai_bridge/share/depthai_bridge/hook/cmake_prefix_path.sh'
[1.560s] Level 1:colcon.colcon_core.environment:checking '/home/raju/igv/install/depthai_bridge/lib'
[1.560s] Level 1:colcon.colcon_core.shell:create_environment_hook('depthai_bridge', 'ld_library_path_lib')
[1.560s] INFO:colcon.colcon_core.shell:Creating environment hook '/home/raju/igv/install/depthai_bridge/share/depthai_bridge/hook/ld_library_path_lib.ps1'
[1.561s] INFO:colcon.colcon_core.shell:Creating environment descriptor '/home/raju/igv/install/depthai_bridge/share/depthai_bridge/hook/ld_library_path_lib.dsv'
[1.561s] INFO:colcon.colcon_core.shell:Creating environment hook '/home/raju/igv/install/depthai_bridge/share/depthai_bridge/hook/ld_library_path_lib.sh'
[1.562s] Level 1:colcon.colcon_core.environment:checking '/home/raju/igv/install/depthai_bridge/bin'
[1.562s] Level 1:colcon.colcon_core.environment:checking '/home/raju/igv/install/depthai_bridge/lib/pkgconfig/depthai_bridge.pc'
[1.562s] Level 1:colcon.colcon_core.environment:checking '/home/raju/igv/install/depthai_bridge/lib/python3.12/site-packages'
[1.563s] Level 1:colcon.colcon_core.environment:checking '/home/raju/igv/install/depthai_bridge/bin'
[1.563s] INFO:colcon.colcon_core.shell:Creating package script '/home/raju/igv/install/depthai_bridge/share/depthai_bridge/package.ps1'
[1.564s] INFO:colcon.colcon_core.shell:Creating package descriptor '/home/raju/igv/install/depthai_bridge/share/depthai_bridge/package.dsv'
[1.564s] INFO:colcon.colcon_core.shell:Creating package script '/home/raju/igv/install/depthai_bridge/share/depthai_bridge/package.sh'
[1.565s] INFO:colcon.colcon_core.shell:Creating package script '/home/raju/igv/install/depthai_bridge/share/depthai_bridge/package.bash'
[1.565s] INFO:colcon.colcon_core.shell:Creating package script '/home/raju/igv/install/depthai_bridge/share/depthai_bridge/package.zsh'
[1.566s] Level 1:colcon.colcon_core.environment:create_file_with_runtime_dependencies(/home/raju/igv/install/depthai_bridge/share/colcon-core/packages/depthai_bridge)
[1.566s] Level 1:colcon.colcon_core.environment:create_environment_scripts_only(depthai_bridge)
[1.566s] Level 1:colcon.colcon_core.environment:checking '/home/raju/igv/install/depthai_bridge' for CMake module files
[1.567s] Level 1:colcon.colcon_core.environment:checking '/home/raju/igv/install/depthai_bridge' for CMake config files
[1.568s] Level 1:colcon.colcon_core.shell:create_environment_hook('depthai_bridge', 'cmake_prefix_path')
[1.568s] INFO:colcon.colcon_core.shell:Creating environment hook '/home/raju/igv/install/depthai_bridge/share/depthai_bridge/hook/cmake_prefix_path.ps1'
[1.569s] INFO:colcon.colcon_core.shell:Creating environment descriptor '/home/raju/igv/install/depthai_bridge/share/depthai_bridge/hook/cmake_prefix_path.dsv'
[1.570s] INFO:colcon.colcon_core.shell:Creating environment hook '/home/raju/igv/install/depthai_bridge/share/depthai_bridge/hook/cmake_prefix_path.sh'
[1.571s] Level 1:colcon.colcon_core.environment:checking '/home/raju/igv/install/depthai_bridge/lib'
[1.571s] Level 1:colcon.colcon_core.shell:create_environment_hook('depthai_bridge', 'ld_library_path_lib')
[1.572s] INFO:colcon.colcon_core.shell:Creating environment hook '/home/raju/igv/install/depthai_bridge/share/depthai_bridge/hook/ld_library_path_lib.ps1'
[1.572s] INFO:colcon.colcon_core.shell:Creating environment descriptor '/home/raju/igv/install/depthai_bridge/share/depthai_bridge/hook/ld_library_path_lib.dsv'
[1.573s] INFO:colcon.colcon_core.shell:Creating environment hook '/home/raju/igv/install/depthai_bridge/share/depthai_bridge/hook/ld_library_path_lib.sh'
[1.574s] Level 1:colcon.colcon_core.environment:checking '/home/raju/igv/install/depthai_bridge/bin'
[1.574s] Level 1:colcon.colcon_core.environment:checking '/home/raju/igv/install/depthai_bridge/lib/pkgconfig/depthai_bridge.pc'
[1.574s] Level 1:colcon.colcon_core.environment:checking '/home/raju/igv/install/depthai_bridge/lib/python3.12/site-packages'
[1.575s] Level 1:colcon.colcon_core.environment:checking '/home/raju/igv/install/depthai_bridge/bin'
[1.576s] INFO:colcon.colcon_core.shell:Creating package script '/home/raju/igv/install/depthai_bridge/share/depthai_bridge/package.ps1'
[1.577s] INFO:colcon.colcon_core.shell:Creating package descriptor '/home/raju/igv/install/depthai_bridge/share/depthai_bridge/package.dsv'
[1.578s] INFO:colcon.colcon_core.shell:Creating package script '/home/raju/igv/install/depthai_bridge/share/depthai_bridge/package.sh'
[1.579s] INFO:colcon.colcon_core.shell:Creating package script '/home/raju/igv/install/depthai_bridge/share/depthai_bridge/package.bash'
[1.580s] INFO:colcon.colcon_core.shell:Creating package script '/home/raju/igv/install/depthai_bridge/share/depthai_bridge/package.zsh'
[1.581s] Level 1:colcon.colcon_core.environment:create_file_with_runtime_dependencies(/home/raju/igv/install/depthai_bridge/share/colcon-core/packages/depthai_bridge)
[1.582s] INFO:colcon.colcon_ros.task.ament_cmake.build:Building ROS package in '/home/raju/igv/src/depthai-ros/depthai_examples' with build type 'ament_cmake'
[1.583s] INFO:colcon.colcon_cmake.task.cmake.build:Building CMake package in '/home/raju/igv/src/depthai-ros/depthai_examples'
[1.583s] INFO:colcon.colcon_core.shell:Skip shell extension 'powershell' for command environment: Not usable outside of PowerShell
[1.583s] DEBUG:colcon.colcon_core.shell:Skip shell extension 'dsv' for command environment
[1.597s] DEBUG:colcon.colcon_core.event_handler.log_command:Invoked command in '/home/raju/igv/build/igv_bringup' returned '0': CMAKE_PREFIX_PATH=${CMAKE_PREFIX_PATH}:/home/raju/igv/install/igv:/home/raju/hs_ws/install/hs:/home/raju/igv_ws/install/igv:/opt/ros/jazzy DEBUGINFOD_URLS=https://debuginfod.ubuntu.com /usr/bin/cmake --build /home/raju/igv/build/igv_bringup -- -j12 -l12
[1.600s] DEBUG:colcon.colcon_core.event_handler.log_command:Invoking command in '/home/raju/igv/build/igv_bringup': CMAKE_PREFIX_PATH=${CMAKE_PREFIX_PATH}:/home/raju/igv/install/igv:/home/raju/hs_ws/install/hs:/home/raju/igv_ws/install/igv:/opt/ros/jazzy DEBUGINFOD_URLS=https://debuginfod.ubuntu.com /usr/bin/cmake --install /home/raju/igv/build/igv_bringup
[1.615s] DEBUG:colcon.colcon_core.event_handler.log_command:Invoking command in '/home/raju/igv/build/depthai_examples': CMAKE_PREFIX_PATH=/home/raju/igv/install/depthai_bridge:/home/raju/igv/install/depthai_ros_msgs:/home/raju/igv/install/depthai_descriptions:/home/raju/microros_ws/install/micro_ros_setup:/home/raju/microros_ws/install/micro_ros_agent:/home/raju/microros_ws/install/micro_ros_msgs:/home/raju/microros_ws/install/drive_base_msgs:/home/raju/igv/install/ydlidar_sdk:/home/raju/igv/install/ydlidar_ros2_driver:/home/raju/igv/install/igv_description:/home/raju/igv/install/igv_bringup:/home/raju/igv/install/depthai-ros:/home/raju/igv/install/depthai_ros_driver:/home/raju/igv/install/depthai_filters:/home/raju/hs_ws/install/hs_test_:/home/raju/igv_ws/install/ydlidar_ros2_driver:/home/raju/igv_ws/install/igv_description:/home/raju/igv_ws/install/igv_bringup:/opt/ros/jazzy/opt/gz_sim_vendor:/opt/ros/jazzy/opt/gz_sensors_vendor:/opt/ros/jazzy/opt/gz_physics_vendor:/opt/ros/jazzy/opt/sdformat_vendor:/opt/ros/jazzy/opt/gz_gui_vendor:/opt/ros/jazzy/opt/gz_transport_vendor:/opt/ros/jazzy/opt/gz_rendering_vendor:/opt/ros/jazzy/opt/gz_plugin_vendor:/opt/ros/jazzy/opt/gz_fuel_tools_vendor:/opt/ros/jazzy/opt/gz_msgs_vendor:/opt/ros/jazzy/opt/gz_common_vendor:/opt/ros/jazzy/opt/gz_math_vendor:/opt/ros/jazzy/opt/gz_utils_vendor:/opt/ros/jazzy/opt/gz_tools_vendor:/opt/ros/jazzy/opt/gz_ogre_next_vendor:/opt/ros/jazzy/opt/gz_dartsim_vendor:/opt/ros/jazzy/opt/gz_cmake_vendor:/home/raju/igv/install/igv:/home/raju/hs_ws/install/hs:/home/raju/igv_ws/install/igv:/opt/ros/jazzy DEBUGINFOD_URLS=https://debuginfod.ubuntu.com GAZEBO_MODEL_PATH=/home/raju/igv/install/depthai_descriptions:${GAZEBO_MODEL_PATH} GAZEBO_RESOURCE_PATH=/home/raju/igv/install/depthai_descriptions:${GAZEBO_RESOURCE_PATH} IGN_GAZEBO_MODEL_PATH=/home/raju/igv/install/depthai_descriptions:${IGN_GAZEBO_MODEL_PATH} IGN_GAZEBO_RESOURCE_PATH=/home/raju/igv/install/depthai_descriptions:${IGN_GAZEBO_RESOURCE_PATH} LD_LIBRARY_PATH=/home/raju/igv/install/depthai_bridge/lib:/home/raju/igv/install/depthai_ros_msgs/lib:/home/raju/microros_ws/install/micro_ros_agent/lib:/home/raju/microros_ws/install/micro_ros_msgs/lib:/home/raju/microros_ws/install/drive_base_msgs/lib:/home/raju/igv/install/depthai_ros_driver/lib:/home/raju/igv/install/depthai_filters/lib:/opt/ros/jazzy/opt/gz_sim_vendor/lib:/opt/ros/jazzy/opt/gz_sensors_vendor/lib:/opt/ros/jazzy/opt/gz_physics_vendor/lib:/opt/ros/jazzy/opt/sdformat_vendor/lib:/opt/ros/jazzy/opt/rviz_ogre_vendor/lib:/opt/ros/jazzy/lib/x86_64-linux-gnu:/opt/ros/jazzy/opt/gz_gui_vendor/lib:/opt/ros/jazzy/opt/gz_transport_vendor/lib:/opt/ros/jazzy/opt/gz_rendering_vendor/lib:/opt/ros/jazzy/opt/gz_plugin_vendor/lib:/opt/ros/jazzy/opt/gz_fuel_tools_vendor/lib:/opt/ros/jazzy/opt/gz_msgs_vendor/lib:/opt/ros/jazzy/opt/gz_common_vendor/lib:/opt/ros/jazzy/opt/gz_math_vendor/lib:/opt/ros/jazzy/opt/gz_utils_vendor/lib:/opt/ros/jazzy/opt/gz_tools_vendor/lib:/opt/ros/jazzy/opt/gz_ogre_next_vendor/lib:/opt/ros/jazzy/opt/gz_dartsim_vendor/lib:/opt/ros/jazzy/opt/gz_cmake_vendor/lib:/opt/ros/jazzy/lib PYTHONPATH=/home/raju/igv/install/depthai_ros_msgs/lib/python3.12/site-packages:/home/raju/microros_ws/install/micro_ros_msgs/lib/python3.12/site-packages:/home/raju/microros_ws/install/drive_base_msgs/lib/python3.12/site-packages:/home/raju/igv/install/igv/lib/python3.12/site-packages:/home/raju/igv/install/depthai_ros_driver/lib/python3.12/site-packages:/home/raju/hs_ws/install/hs/lib/python3.12/site-packages:/home/raju/igv_ws/install/igv/lib/python3.12/site-packages:/opt/ros/jazzy/lib/python3.12/site-packages /usr/bin/cmake --build /home/raju/igv/build/depthai_examples -- -j12 -l12
[1.652s] Level 1:colcon.colcon_core.environment:create_environment_scripts_only(igv_bringup)
[1.652s] Level 1:colcon.colcon_core.environment:checking '/home/raju/igv/install/igv_bringup' for CMake module files
[1.653s] DEBUG:colcon.colcon_core.event_handler.log_command:Invoked command in '/home/raju/igv/build/igv_bringup' returned '0': CMAKE_PREFIX_PATH=${CMAKE_PREFIX_PATH}:/home/raju/igv/install/igv:/home/raju/hs_ws/install/hs:/home/raju/igv_ws/install/igv:/opt/ros/jazzy DEBUGINFOD_URLS=https://debuginfod.ubuntu.com /usr/bin/cmake --install /home/raju/igv/build/igv_bringup
[1.653s] Level 1:colcon.colcon_core.environment:checking '/home/raju/igv/install/igv_bringup' for CMake config files
[1.653s] Level 1:colcon.colcon_core.shell:create_environment_hook('igv_bringup', 'cmake_prefix_path')
[1.654s] INFO:colcon.colcon_core.shell:Creating environment hook '/home/raju/igv/install/igv_bringup/share/igv_bringup/hook/cmake_prefix_path.ps1'
[1.654s] INFO:colcon.colcon_core.shell:Creating environment descriptor '/home/raju/igv/install/igv_bringup/share/igv_bringup/hook/cmake_prefix_path.dsv'
[1.655s] INFO:colcon.colcon_core.shell:Creating environment hook '/home/raju/igv/install/igv_bringup/share/igv_bringup/hook/cmake_prefix_path.sh'
[1.655s] Level 1:colcon.colcon_core.environment:checking '/home/raju/igv/install/igv_bringup/bin'
[1.655s] Level 1:colcon.colcon_core.environment:checking '/home/raju/igv/install/igv_bringup/lib/pkgconfig/igv_bringup.pc'
[1.656s] Level 1:colcon.colcon_core.environment:checking '/home/raju/igv/install/igv_bringup/lib/python3.12/site-packages'
[1.656s] Level 1:colcon.colcon_core.environment:checking '/home/raju/igv/install/igv_bringup/bin'
[1.656s] INFO:colcon.colcon_core.shell:Creating package script '/home/raju/igv/install/igv_bringup/share/igv_bringup/package.ps1'
[1.657s] INFO:colcon.colcon_core.shell:Creating package descriptor '/home/raju/igv/install/igv_bringup/share/igv_bringup/package.dsv'
[1.658s] INFO:colcon.colcon_core.shell:Creating package script '/home/raju/igv/install/igv_bringup/share/igv_bringup/package.sh'
[1.658s] INFO:colcon.colcon_core.shell:Creating package script '/home/raju/igv/install/igv_bringup/share/igv_bringup/package.bash'
[1.658s] INFO:colcon.colcon_core.shell:Creating package script '/home/raju/igv/install/igv_bringup/share/igv_bringup/package.zsh'
[1.659s] Level 1:colcon.colcon_core.environment:create_file_with_runtime_dependencies(/home/raju/igv/install/igv_bringup/share/colcon-core/packages/igv_bringup)
[1.659s] Level 1:colcon.colcon_core.environment:create_environment_scripts_only(igv_bringup)
[1.660s] Level 1:colcon.colcon_core.environment:checking '/home/raju/igv/install/igv_bringup' for CMake module files
[1.660s] Level 1:colcon.colcon_core.environment:checking '/home/raju/igv/install/igv_bringup' for CMake config files
[1.660s] Level 1:colcon.colcon_core.shell:create_environment_hook('igv_bringup', 'cmake_prefix_path')
[1.661s] INFO:colcon.colcon_core.shell:Creating environment hook '/home/raju/igv/install/igv_bringup/share/igv_bringup/hook/cmake_prefix_path.ps1'
[1.661s] INFO:colcon.colcon_core.shell:Creating environment descriptor '/home/raju/igv/install/igv_bringup/share/igv_bringup/hook/cmake_prefix_path.dsv'
[1.661s] INFO:colcon.colcon_core.shell:Creating environment hook '/home/raju/igv/install/igv_bringup/share/igv_bringup/hook/cmake_prefix_path.sh'
[1.662s] Level 1:colcon.colcon_core.environment:checking '/home/raju/igv/install/igv_bringup/bin'
[1.662s] Level 1:colcon.colcon_core.environment:checking '/home/raju/igv/install/igv_bringup/lib/pkgconfig/igv_bringup.pc'
[1.663s] Level 1:colcon.colcon_core.environment:checking '/home/raju/igv/install/igv_bringup/lib/python3.12/site-packages'
[1.663s] Level 1:colcon.colcon_core.environment:checking '/home/raju/igv/install/igv_bringup/bin'
[1.663s] INFO:colcon.colcon_core.shell:Creating package script '/home/raju/igv/install/igv_bringup/share/igv_bringup/package.ps1'
[1.664s] INFO:colcon.colcon_core.shell:Creating package descriptor '/home/raju/igv/install/igv_bringup/share/igv_bringup/package.dsv'
[1.665s] INFO:colcon.colcon_core.shell:Creating package script '/home/raju/igv/install/igv_bringup/share/igv_bringup/package.sh'
[1.666s] INFO:colcon.colcon_core.shell:Creating package script '/home/raju/igv/install/igv_bringup/share/igv_bringup/package.bash'
[1.666s] INFO:colcon.colcon_core.shell:Creating package script '/home/raju/igv/install/igv_bringup/share/igv_bringup/package.zsh'
[1.667s] Level 1:colcon.colcon_core.environment:create_file_with_runtime_dependencies(/home/raju/igv/install/igv_bringup/share/colcon-core/packages/igv_bringup)
[2.103s] DEBUG:colcon.colcon_core.event_handler.log_command:Invoking command in '/home/raju/igv/src/igv': DEBUGINFOD_URLS=https://debuginfod.ubuntu.com PYTHONPATH=/home/raju/igv/build/igv/prefix_override:/usr/lib/python3/dist-packages/colcon_core/task/python/colcon_distutils_commands:/home/raju/igv/install/igv/lib/python3.12/site-packages:${PYTHONPATH} /usr/bin/python3 -W ignore:setup.py install is deprecated -W ignore:easy_install command is deprecated setup.py egg_info --egg-base ../../build/igv build --build-base /home/raju/igv/build/igv/build install --record /home/raju/igv/build/igv/install.log --single-version-externally-managed install_data
[3.175s] Level 1:colcon.colcon_core.environment:checking '/home/raju/igv/install/igv' for CMake module files
[3.176s] Level 1:colcon.colcon_core.environment:checking '/home/raju/igv/install/igv' for CMake config files
[3.177s] Level 1:colcon.colcon_core.environment:checking '/home/raju/igv/install/igv/lib'
[3.177s] Level 1:colcon.colcon_core.environment:checking '/home/raju/igv/install/igv/bin'
[3.177s] Level 1:colcon.colcon_core.environment:checking '/home/raju/igv/install/igv/lib/pkgconfig/igv.pc'
[3.178s] Level 1:colcon.colcon_core.environment:checking '/home/raju/igv/install/igv/lib/python3.12/site-packages'
[3.178s] Level 1:colcon.colcon_core.shell:create_environment_hook('igv', 'pythonpath')
[3.178s] INFO:colcon.colcon_core.shell:Creating environment hook '/home/raju/igv/install/igv/share/igv/hook/pythonpath.ps1'
[3.180s] DEBUG:colcon.colcon_core.event_handler.log_command:Invoked command in '/home/raju/igv/src/igv' returned '0': DEBUGINFOD_URLS=https://debuginfod.ubuntu.com PYTHONPATH=/home/raju/igv/build/igv/prefix_override:/usr/lib/python3/dist-packages/colcon_core/task/python/colcon_distutils_commands:/home/raju/igv/install/igv/lib/python3.12/site-packages:${PYTHONPATH} /usr/bin/python3 -W ignore:setup.py install is deprecated -W ignore:easy_install command is deprecated setup.py egg_info --egg-base ../../build/igv build --build-base /home/raju/igv/build/igv/build install --record /home/raju/igv/build/igv/install.log --single-version-externally-managed install_data
[3.181s] INFO:colcon.colcon_core.shell:Creating environment descriptor '/home/raju/igv/install/igv/share/igv/hook/pythonpath.dsv'
[3.182s] INFO:colcon.colcon_core.shell:Creating environment hook '/home/raju/igv/install/igv/share/igv/hook/pythonpath.sh'
[3.185s] Level 1:colcon.colcon_core.environment:checking '/home/raju/igv/install/igv/bin'
[3.185s] Level 1:colcon.colcon_core.environment:create_environment_scripts_only(igv)
[3.186s] INFO:colcon.colcon_core.shell:Creating package script '/home/raju/igv/install/igv/share/igv/package.ps1'
[3.187s] INFO:colcon.colcon_core.shell:Creating package descriptor '/home/raju/igv/install/igv/share/igv/package.dsv'
[3.187s] INFO:colcon.colcon_core.shell:Creating package script '/home/raju/igv/install/igv/share/igv/package.sh'
[3.188s] INFO:colcon.colcon_core.shell:Creating package script '/home/raju/igv/install/igv/share/igv/package.bash'
[3.189s] INFO:colcon.colcon_core.shell:Creating package script '/home/raju/igv/install/igv/share/igv/package.zsh'
[3.190s] Level 1:colcon.colcon_core.environment:create_file_with_runtime_dependencies(/home/raju/igv/install/igv/share/colcon-core/packages/igv)
